GDSC.sampleid	GDSC.Sample_Name	GDSC.Whole_Exome_Sequencing_(WES)	GDSC.Copy_Number_Alterations_(CNA)	GDSC.Gene_Expression	GDSC.Methylation	GDSC.DrugResponse	GDSC.Tissue_descriptor_1	GDSC.Tissuedescriptor_2	GDSC.Cancer_Type(matching_TCGA_label)	GDSC.Microsatellite_instability_Status_(MSI)	GDSC.Screen_Medium	GDSC.Growth_Properties	GDSC.COSMIC_ID
A253	A253	Y	Y	Y	Y	Y	aero_dig_tract	head and neck	NA	MSS/MSI-L	D/F12	Adherent	906794
BB30-HNC	BB30-HNC	Y	Y	Y	Y	Y	aero_dig_tract	head and neck	HNSC	MSS/MSI-L	D/F12	Adherent	753531
BB49-HNC	BB49-HNC	Y	Y	Y	Y	Y	aero_dig_tract	head and neck	HNSC	MSS/MSI-L	D/F12	Adherent	753532
BHY	BHY	Y	Y	Y	Y	Y	aero_dig_tract	head and neck	HNSC	MSS/MSI-L	D/F12	Adherent	753535
BICR10	BICR10	Y	Y	Y	Y	Y	aero_dig_tract	head and neck	HNSC	MSS/MSI-L	D/F12	Adherent	1290724
BICR22	BICR22	Y	Y	Y	Y	Y	aero_dig_tract	head and neck	HNSC	MSS/MSI-L	D/F12	Adherent	1240121
BICR31	BICR31	Y	Y	Y	Y	Y	aero_dig_tract	head and neck	HNSC	MSS/MSI-L	D/F12	Adherent	1290725
BICR78	BICR78	Y	Y	Y	Y	Y	aero_dig_tract	head and neck	HNSC	MSS/MSI-L	D/F12	Adherent	1240122
CA9-22	Ca9-22	Y	Y	Y	Y	Y	aero_dig_tract	head and neck	HNSC	MSS/MSI-L	D/F12	Adherent	753538
CAL-27	CAL-27	Y	Y	Y	Y	Y	aero_dig_tract	head and neck	HNSC	MSS/MSI-L	D/F12	Adherent	910916
CAL-33	CAL-33	Y	Y	Y	Y	Y	aero_dig_tract	head and neck	HNSC	MSS/MSI-L	D/F12	Adherent	753541
DETROIT562	Detroit562	Y	Y	Y	Y	Y	aero_dig_tract	head and neck	HNSC	MSS/MSI-L	D/F12	Adherent	906837
DOK	DOK	Y	Y	Y	Y	Y	aero_dig_tract	head and neck	HNSC	MSS/MSI-L	D/F12	Adherent	910936
FADU	FADU	Y	Y	Y	Y	Y	aero_dig_tract	head and neck	HNSC	MSS/MSI-L	D/F12	Adherent	906863
H3118	H3118	Y	Y	Y	Y	Y	aero_dig_tract	head and neck	NA	MSS/MSI-L	R	Adherent	1240140
HN	HN	Y	Y	Y	Y	Y	aero_dig_tract	head and neck	HNSC	MSS/MSI-L	D/F12	Adherent	907059
HO-1-N-1	HO-1-N-1	Y	Y	Y	Y	Y	aero_dig_tract	head and neck	HNSC	MSS/MSI-L	D/F12	Adherent	924111
HO-1-U-1	HO-1-u-1	Y	Y	Y	Y	Y	aero_dig_tract	head and neck	HNSC	MSS/MSI-L	D/F12	Adherent	753561
HSC-2	HSC-2	Y	Y	Y	Y	Y	aero_dig_tract	head and neck	HNSC	MSS/MSI-L	D/F12	Adherent	753562
HSC-3	HSC-3	Y	Y	Y	Y	Y	aero_dig_tract	head and neck	HNSC	MSS/MSI-L	D/F12	Adherent	907061
HSC-4	HSC-4	Y	Y	Y	Y	Y	aero_dig_tract	head and neck	HNSC	MSS/MSI-L	D/F12	Adherent	907062
JHU-011	JHU-011	Y	Y	Y	Y	Y	aero_dig_tract	head and neck	HNSC	MSS/MSI-L	R	Adherent	1240161
JHU-022	JHU-022	Y	Y	Y	Y	Y	aero_dig_tract	head and neck	HNSC	MSS/MSI-L	R	Adherent	1240162
KON	KON	Y	Y	Y	Y	Y	aero_dig_tract	head and neck	HNSC	MSS/MSI-L	D/F12	Adherent	1298215
KOSC-2	KOSC-2	Y	Y	Y	Y	Y	aero_dig_tract	head and neck	HNSC	MSS/MSI-L	R	Adherent	753570
LB771-HNC	LB771-HNC	Y	Y	Y	Y	Y	aero_dig_tract	head and neck	HNSC	MSS/MSI-L	D/F12	Adherent	753583
OSC-19	OSC-19	Y	Y	Y	Y	Y	aero_dig_tract	head and neck	HNSC	MSS/MSI-L	D/F12	Adherent	1298362
OSC-20	OSC-20	Y	Y	Y	Y	Y	aero_dig_tract	head and neck	HNSC	MSS/MSI-L	D/F12	Adherent	1240196
PCI-15A	PCI-15A	Y	Y	Y	Y	Y	aero_dig_tract	head and neck	HNSC	MSS/MSI-L	R	Adherent	1240204
PCI-30	PCI-30	Y	Y	Y	Y	Y	aero_dig_tract	head and neck	HNSC	MSS/MSI-L	R	Adherent	1298529
PCI-38	PCI-38	Y	Y	Y	Y	Y	aero_dig_tract	head and neck	HNSC	MSS/MSI-L	R	Adherent	1240205
PCI-4B	PCI-4B	Y	Y	Y	Y	Y	aero_dig_tract	head and neck	HNSC	MSS/MSI-L	R	Adherent	1298531
PCI-6A	PCI-6A	Y	Y	Y	Y	Y	aero_dig_tract	head and neck	HNSC	MSS/MSI-L	R	Adherent	1240206
PE/CA-PJ15	PE/CA-PJ15	Y	Y	Y	Y	Y	aero_dig_tract	head and neck	HNSC	MSS/MSI-L	D/F12	Adherent	1240207
RPMI-2650	RPMI-2650	Y	Y	Y	Y	Y	aero_dig_tract	head and neck	HNSC	MSS/MSI-L	D/F12	Adherent	909700
SAS	SAS	Y	Y	Y	Y	Y	aero_dig_tract	head and neck	HNSC	MSS/MSI-L	D/F12	Adherent	909708
SAT	SAT	Y	Y	Y	Y	Y	aero_dig_tract	head and neck	HNSC	MSS/MSI-L	R	Adherent	1299050
SCC-15	SCC-15	Y	Y	Y	Y	Y	aero_dig_tract	head and neck	HNSC	MSS/MSI-L	D/F12	Adherent	910911
SCC-25	SCC-25	Y	Y	Y	Y	Y	aero_dig_tract	head and neck	HNSC	MSS/MSI-L	D/F12	Adherent	910701
SCC-4	SCC-4	Y	Y	Y	Y	Y	aero_dig_tract	head and neck	HNSC	MSS/MSI-L	D/F12	Adherent	910904
SCC-9	SCC-9	Y	Y	Y	Y	Y	aero_dig_tract	head and neck	HNSC	MSS/MSI-L	D/F12	Adherent	909709
SKN-3	SKN-3	Y	Y	Y	Y	Y	aero_dig_tract	head and neck	HNSC	MSS/MSI-L	R	Adherent	1299059
COLO-680N	COLO-680N	Y	Y	Y	Y	Y	aero_dig_tract	oesophagus	ESCA	MSS/MSI-L	R	Adherent	906817
EC-GI-10	EC-GI-10	Y	Y	Y	Y	Y	aero_dig_tract	oesophagus	ESCA	MSS/MSI-L	D/F12	Adherent	753555
ESO26	ESO26	Y	Y	Y	Y	Y	aero_dig_tract	oesophagus	ESCA	MSS/MSI-L	R	Adherent	1503366
ESO51	ESO51	Y	Y	Y	Y	Y	aero_dig_tract	oesophagus	ESCA	MSS/MSI-L	R	Semi-Adherent	1503367
FLO-1	FLO-1	Y	Y	Y	Y	Y	aero_dig_tract	oesophagus	ESCA	MSS/MSI-L	R	Adherent	1503361
HCE-4	HCE-4	Y	Y	Y	Y	Y	aero_dig_tract	oesophagus	ESCA	MSS/MSI-L	D/F12	Adherent	753559
KYAE-1	KYAE-1	Y	Y	Y	Y	Y	aero_dig_tract	oesophagus	ESCA	MSS/MSI-L	R	Suspension	1503368
KYSE-140	KYSE-140	Y	Y	Y	Y	Y	aero_dig_tract	oesophagus	ESCA	MSS/MSI-L	R	Adherent	753573
KYSE-150	KYSE-150	Y	Y	Y	Y	Y	aero_dig_tract	oesophagus	ESCA	MSS/MSI-L	R	Adherent	907317
KYSE-180	KYSE-180	Y	Y	Y	Y	Y	aero_dig_tract	oesophagus	ESCA	MSS/MSI-L	R	Adherent	907318
KYSE-220	KYSE-220	Y	Y	Y	Y	Y	aero_dig_tract	oesophagus	ESCA	MSS/MSI-L	R	Adherent	1240167
KYSE-270	KYSE-270	Y	Y	Y	Y	Y	aero_dig_tract	oesophagus	ESCA	MSS/MSI-L	R	Adherent	907319
KYSE-410	KYSE-410	Y	Y	Y	Y	Y	aero_dig_tract	oesophagus	ESCA	MSS/MSI-L	R	Adherent	753574
KYSE-450	KYSE-450	Y	Y	Y	Y	Y	aero_dig_tract	oesophagus	ESCA	MSS/MSI-L	R	Adherent	907320
KYSE-50	KYSE-50	Y	Y	Y	Y	Y	aero_dig_tract	oesophagus	ESCA	MSS/MSI-L	D/F12	Adherent	1298222
KYSE-510	KYSE-510	Y	Y	Y	Y	Y	aero_dig_tract	oesophagus	ESCA	MSS/MSI-L	R	Adherent	907321
KYSE-520	KYSE-520	Y	Y	Y	Y	Y	aero_dig_tract	oesophagus	ESCA	MSS/MSI-L	R	Adherent	753575
KYSE-70	KYSE-70	Y	Y	Y	Y	Y	aero_dig_tract	oesophagus	ESCA	MSS/MSI-L	R	Adherent	753576
OACM5-1	OACM5-1	Y	Y	Y	Y	Y	aero_dig_tract	oesophagus	ESCA	MSS/MSI-L	R	Semi-Adherent	1503363
OACP4C	OACp4C	Y	Y	Y	Y	Y	aero_dig_tract	oesophagus	ESCA	MSS/MSI-L	R	Adherent	1503362
OE19	OE19	Y	Y	Y	Y	Y	aero_dig_tract	oesophagus	ESCA	MSS/MSI-L	R	Adherent	910079
OE21	OE21	Y	Y	Y	Y	Y	aero_dig_tract	oesophagus	ESCA	MSS/MSI-L	R	Adherent	1298359
OE33	OE33	Y	Y	Y	Y	Y	aero_dig_tract	oesophagus	ESCA	MSS/MSI-L	R	Adherent	910549
SK-GT-4	SK-GT-4	Y	Y	Y	Y	Y	aero_dig_tract	oesophagus	ESCA	MSS/MSI-L	R	Adherent	1503365
TE-1	TE-1	Y	Y	Y	Y	Y	aero_dig_tract	oesophagus	ESCA	MSS/MSI-L	D/F12	Adherent	753621
TE-10	TE-10	Y	Y	Y	Y	Y	aero_dig_tract	oesophagus	ESCA	MSS/MSI-L	D/F12	Adherent	753622
TE-11	TE-11	Y	Y	Y	Y	Y	aero_dig_tract	oesophagus	ESCA	MSS/MSI-L	D/F12	Adherent	946354
TE-12	TE-12	Y	Y	Y	Y	Y	aero_dig_tract	oesophagus	ESCA	MSS/MSI-L	D/F12	Suspension	946356
TE-15	TE-15	Y	Y	Y	Y	Y	aero_dig_tract	oesophagus	ESCA	MSS/MSI-L	D/F12	Suspension	753614
TE-4	TE-4	Y	Y	Y	Y	Y	aero_dig_tract	oesophagus	ESCA	MSS/MSI-L	R	Adherent	1503371
TE-5	TE-5	Y	Y	Y	Y	Y	aero_dig_tract	oesophagus	ESCA	MSS/MSI-L	D/F12	Adherent	735784
TE-6	TE-6	Y	Y	Y	Y	Y	aero_dig_tract	oesophagus	ESCA	MSS/MSI-L	D/F12	Adherent	946355
TE-8	TE-8	Y	Y	Y	Y	Y	aero_dig_tract	oesophagus	ESCA	MSS/MSI-L	D/F12	Adherent	753623
TE-9	TE-9	Y	Y	Y	Y	Y	aero_dig_tract	oesophagus	ESCA	MSS/MSI-L	D/F12	Adherent	946353
T-T	T-T	Y	Y	Y	Y	Y	aero_dig_tract	oesophagus	ESCA	MSS/MSI-L	D/F12	Adherent	1299064
CESS	CESS	Y	Y	Y	Y	Y	leukemia	acute_myeloid_leukaemia	LAML	MSS/MSI-L	R	Suspension	910688
CTV-1	CTV-1	Y	Y	Y	Y	Y	leukemia	acute_myeloid_leukaemia	LAML	MSI-H	R	Suspension	753548
GDM-1	GDM-1	Y	Y	Y	Y	Y	leukemia	acute_myeloid_leukaemia	LAML	MSS/MSI-L	R	Suspension	906870
HEL	HEL	Y	Y	Y	Y	Y	leukemia	acute_myeloid_leukaemia	LAML	MSS/MSI-L	R	Semi-Adherent	907053
HL-60	HL-60	Y	Y	Y	Y	Y	leukemia	acute_myeloid_leukaemia	LAML	MSS/MSI-L	D/F12	Suspension	905938
KASUMI-1	KASUMI-1	Y	Y	Y	Y	Y	leukemia	acute_myeloid_leukaemia	LAML	MSS/MSI-L	R	Suspension	907275
KG-1	KG-1	Y	Y	Y	Y	Y	leukemia	acute_myeloid_leukaemia	LAML	MSS/MSI-L	D/F12	Suspension	907278
KMOE-2	KMOE-2	Y	Y	Y	Y	Y	leukemia	acute_myeloid_leukaemia	LAML	MSS/MSI-L	R	Suspension	907280
ME-1	ME-1	Y	Y	Y	Y	Y	leukemia	acute_myeloid_leukaemia	LAML	MSS/MSI-L	R	Suspension	1330942
ML-2	ML-2	Y	Y	Y	Y	Y	leukemia	acute_myeloid_leukaemia	LAML	MSS/MSI-L	R	Suspension	908141
MOLM-13	MOLM-13	Y	Y	Y	Y	Y	leukemia	acute_myeloid_leukaemia	LAML	MSS/MSI-L	R	Suspension	1330947
MONO-MAC-6	MONO-MAC-6	Y	Y	Y	Y	Y	leukemia	acute_myeloid_leukaemia	LAML	MSS/MSI-L	R	Suspension	908148
NKM-1	NKM-1	Y	Y	Y	Y	Y	leukemia	acute_myeloid_leukaemia	LAML	MSS/MSI-L	R	Suspension	908448
NOMO-1	NOMO-1	Y	Y	Y	Y	Y	leukemia	acute_myeloid_leukaemia	LAML	MSS/MSI-L	R	Suspension	908451
OCI-AML2	OCI-AML2	Y	Y	Y	Y	Y	leukemia	acute_myeloid_leukaemia	LAML	MSS/MSI-L	D/F12	Suspension	910947
OCI-AML3	OCI-AML3	Y	Y	Y	Y	Y	leukemia	acute_myeloid_leukaemia	LAML	MSS/MSI-L	R	Suspension	1290455
OCI-AML5	OCI-AML5	Y	Y	Y	Y	Y	leukemia	acute_myeloid_leukaemia	LAML	MSS/MSI-L	D/F12	Suspension	1330983
OCI-M1	OCI-M1	Y	Y	Y	Y	Y	leukemia	acute_myeloid_leukaemia	LAML	MSS/MSI-L	D/F12	Suspension	1330985
P31-FUJ	P31-FUJ	Y	Y	Y	Y	Y	leukemia	acute_myeloid_leukaemia	LAML	MSI-H	R	Suspension	909253
PL-21	PL-21	Y	Y	Y	Y	Y	leukemia	acute_myeloid_leukaemia	LAML	MSS/MSI-L	R	Suspension	1330991
QIMR-WIL	QIMR-WIL	Y	Y	Y	Y	Y	leukemia	acute_myeloid_leukaemia	LAML	MSS/MSI-L	D/F12	Suspension	910545
SIG-M5	SIG-M5	Y	Y	Y	Y	Y	leukemia	acute_myeloid_leukaemia	LAML	MSS/MSI-L	D/F12	Suspension	909715
THP-1	THP-1	Y	Y	Y	Y	Y	leukemia	acute_myeloid_leukaemia	LAML	MSS/MSI-L	R	Suspension	909771
KARPAS-299	KARPAS-299	Y	Y	Y	Y	Y	lymphoma	anaplastic_large_cell_lymphoma	NA	MSS/MSI-L	R	Suspension	907273
SU-DHL-1	SU-DHL-1	Y	Y	Y	Y	Y	lymphoma	anaplastic_large_cell_lymphoma	NA	MSS/MSI-L	R	Suspension	909742
SUP-M2	SUP-M2	Y	Y	Y	Y	Y	lymphoma	anaplastic_large_cell_lymphoma	NA	MSS/MSI-L	R	Suspension	1331040
BALL-1	BALL-1	Y	Y	Y	Y	Y	leukemia	B_cell_leukemia	NA	MSS/MSI-L	R	Suspension	910705
KARPAS-231	KARPAS-231	Y	Y	Y	Y	Y	leukemia	B_cell_leukemia	NA	MSS/MSI-L	R	Suspension	1327774
KOPN-8	KOPN-8	Y	Y	Y	Y	Y	leukemia	B_cell_leukemia	NA	MSS/MSI-L	R	Suspension	1330933
MHH-CALL-2	MHH-CALL-2	Y	Y	Y	Y	Y	leukemia	B_cell_leukemia	NA	MSS/MSI-L	R	Suspension	908132
MHH-PREB-1	MHH-PREB-1	Y	Y	Y	Y	Y	leukemia	B_cell_leukemia	NA	MSI-H	R	Suspension	908136
MN-60	MN-60	Y	Y	Y	Y	Y	leukemia	B_cell_leukemia	NA	MSI-H	D/F12	Suspension	908143
NALM-6	NALM-6	Y	Y	Y	Y	Y	leukemia	B_cell_leukemia	NA	MSI-H	R	Suspension	908158
RCH-ACV	RCH-ACV	Y	Y	Y	Y	Y	leukemia	B_cell_leukemia	NA	MSS/MSI-L	R	Suspension	1330994
REH	REH	Y	Y	Y	Y	Y	leukemia	B_cell_leukemia	NA	MSI-H	R	Suspension	909696
ROS-50	ROS-50	Y	Y	Y	Y	Y	leukemia	B_cell_leukemia	NA	MSS/MSI-L	R	Suspension	1331025
SUP-B8	SUP-B8	Y	Y	Y	Y	Y	leukemia	B_cell_leukemia	NA	MSS/MSI-L	R	Suspension	910209
U-698-M	U-698-M	Y	Y	Y	Y	Y	leukemia	B_cell_leukemia	NA	MSS/MSI-L	R	Suspension	909777
A3-KAW	A3-KAW	Y	Y	Y	Y	Y	lymphoma	B_cell_lymphoma	DLBC	MSS/MSI-L	R	Suspension	910935
A4-FUK	A4-Fuk	Y	Y	Y	Y	Y	lymphoma	B_cell_lymphoma	DLBC	MSS/MSI-L	R	Suspension	910934
BC-1	BC-1	Y	Y	Y	Y	Y	lymphoma	B_cell_lymphoma	DLBC	MSS/MSI-L	R	Suspension	910919
CRO-AP2	CRO-AP2	Y	Y	Y	Y	Y	lymphoma	B_cell_lymphoma	DLBC	MSS/MSI-L	R	Suspension	906807
CTB-1	CTB-1	Y	Y	Y	Y	Y	lymphoma	B_cell_lymphoma	DLBC	MSS/MSI-L	R	Suspension	949088
DB	DB	Y	Y	Y	Y	Y	lymphoma	B_cell_lymphoma	DLBC	MSS/MSI-L	R	Suspension	906832
DOHH-2	DOHH-2	Y	Y	Y	Y	Y	lymphoma	B_cell_lymphoma	DLBC	MSS/MSI-L	R	Suspension	906842
FARAGE	Farage	Y	Y	Y	Y	Y	lymphoma	B_cell_lymphoma	DLBC	MSS/MSI-L	R	Suspension	1297449
GRANTA-519	GRANTA-519	Y	Y	Y	Y	Y	lymphoma	B_cell_lymphoma	DLBC	MSS/MSI-L	D/F12	Suspension	1303897
JEKO-1	JEKO-1	Y	Y	Y	Y	Y	lymphoma	B_cell_lymphoma	DLBC	MSS/MSI-L	R	Suspension	1327765
JSC-1	JSC-1	Y	Y	Y	Y	Y	lymphoma	B_cell_lymphoma	DLBC	MSS/MSI-L	R	Suspension	1327769
KARPAS-1106P	KARPAS-1106P	Y	Y	Y	Y	Y	lymphoma	B_cell_lymphoma	DLBC	MSS/MSI-L	R	Suspension	1327773
KARPAS-422	KARPAS-422	Y	Y	Y	Y	Y	lymphoma	B_cell_lymphoma	DLBC	MSS/MSI-L	R	Suspension	907274
MC116	MC116	Y	Y	Y	Y	Y	lymphoma	B_cell_lymphoma	DLBC	MSS/MSI-L	R	Suspension	907799
NU-DUL-1	NU-DUL-1	Y	Y	Y	Y	Y	lymphoma	B_cell_lymphoma	DLBC	MSS/MSI-L	R	Suspension	1330982
OCI-LY-19	OCI-LY-19	Y	Y	Y	Y	Y	lymphoma	B_cell_lymphoma	DLBC	MSS/MSI-L	D/F12	Suspension	1330984
RC-K8	RC-K8	Y	Y	Y	Y	Y	lymphoma	B_cell_lymphoma	DLBC	MSS/MSI-L	R	Suspension	1330995
RL	RL	Y	Y	Y	Y	Y	lymphoma	B_cell_lymphoma	DLBC	MSS/MSI-L	R	Suspension	910861
SCC-3	SCC-3	Y	Y	Y	Y	Y	lymphoma	B_cell_lymphoma	DLBC	MSS/MSI-L	R	Suspension	910930
SLVL	SLVL	Y	Y	Y	Y	Y	lymphoma	B_cell_lymphoma	DLBC	MSS/MSI-L	R	Suspension	1331032
SU-DHL-10	SU-DHL-10	Y	Y	Y	Y	Y	lymphoma	B_cell_lymphoma	DLBC	MSS/MSI-L	R	Suspension	1331033
SU-DHL-16	SU-DHL-16	Y	Y	Y	Y	Y	lymphoma	B_cell_lymphoma	DLBC	MSS/MSI-L	R	Suspension	1331034
SU-DHL-4	SU-DHL-4	Y	Y	Y	Y	Y	lymphoma	B_cell_lymphoma	DLBC	MSS/MSI-L	R	Suspension	1331035
SU-DHL-5	SU-DHL-5	Y	Y	Y	Y	Y	lymphoma	B_cell_lymphoma	DLBC	MSS/MSI-L	R	Suspension	1331036
SU-DHL-6	SU-DHL-6	Y	Y	Y	Y	Y	lymphoma	B_cell_lymphoma	DLBC	MSS/MSI-L	R	Suspension	1331037
SU-DHL-8	SU-DHL-8	Y	Y	Y	Y	Y	lymphoma	B_cell_lymphoma	DLBC	MSS/MSI-L	R	Suspension	1331038
TK	TK	Y	Y	Y	Y	Y	lymphoma	B_cell_lymphoma	DLBC	MSS/MSI-L	R	Suspension	1331045
TUR	TUR	Y	Y	Y	Y	Y	lymphoma	B_cell_lymphoma	DLBC	MSI-H	R	Suspension	909773
VAL	VAL	Y	Y	Y	Y	Y	lymphoma	B_cell_lymphoma	DLBC	MSS/MSI-L	R	Suspension	1331048
WSU-DLCL2	WSU-DLCL2	Y	Y	Y	Y	Y	lymphoma	B_cell_lymphoma	DLBC	MSS/MSI-L	R	Suspension	1331050
BL-41	BL-41	Y	Y	Y	Y	Y	lymphoma	Burkitt_lymphoma	NA	MSS/MSI-L	R	Suspension	910706
CA46	CA46	Y	Y	Y	Y	Y	lymphoma	Burkitt_lymphoma	NA	MSS/MSI-L	R	Suspension	910703
DAUDI	Daudi	Y	Y	Y	Y	Y	lymphoma	Burkitt_lymphoma	NA	MSS/MSI-L	R	Suspension	906831
DG-75	DG-75	Y	Y	Y	Y	Y	lymphoma	Burkitt_lymphoma	NA	MSI-H	R	Suspension	906838
EB2	EB2	Y	Y	Y	Y	Y	lymphoma	Burkitt_lymphoma	NA	MSS/MSI-L	R	Suspension	906846
EB-3	EB-3	Y	Y	Y	Y	Y	lymphoma	Burkitt_lymphoma	NA	MSS/MSI-L	R	Suspension	906847
GA-10	GA-10	Y	Y	Y	Y	Y	lymphoma	Burkitt_lymphoma	NA	MSS/MSI-L	R	Suspension	1303896
JIYOYEP-2003	JiyoyeP-2003	Y	Y	Y	Y	Y	lymphoma	Burkitt_lymphoma	NA	MSS/MSI-L	R	Suspension	907268
NAMALWA	NAMALWA	Y	Y	Y	Y	Y	lymphoma	Burkitt_lymphoma	NA	MSS/MSI-L	R	Suspension	908159
P32-ISH	P32-ISH	Y	Y	Y	Y	Y	lymphoma	Burkitt_lymphoma	NA	MSS/MSI-L	R	Suspension	1330987
RAJI	Raji	Y	Y	Y	Y	Y	lymphoma	Burkitt_lymphoma	NA	MSS/MSI-L	R	Suspension	909262
RAMOS-2G6-4C10	Ramos-2G6-4C10	Y	Y	Y	Y	Y	lymphoma	Burkitt_lymphoma	NA	MSS/MSI-L	R	Suspension	910401
ST486	ST486	Y	Y	Y	Y	Y	lymphoma	Burkitt_lymphoma	NA	MSS/MSI-L	R	Suspension	910906
BV-173	BV-173	Y	Y	Y	Y	Y	leukemia	chronic_myeloid_leukaemia	LCML	MSS/MSI-L	R	Suspension	910710
CML-T1	CML-T1	Y	Y	Y	Y	Y	leukemia	chronic_myeloid_leukaemia	LCML	MSS/MSI-L	D/F12	Suspension	910951
EM-2	EM-2	Y	Y	Y	Y	Y	leukemia	chronic_myeloid_leukaemia	LCML	MSS/MSI-L	R	Suspension	906855
JURL-MK1	JURL-MK1	Y	Y	Y	Y	Y	leukemia	chronic_myeloid_leukaemia	LCML	MSS/MSI-L	R	Suspension	1327771
K-562	K-562	Y	Y	Y	Y	Y	leukemia	chronic_myeloid_leukaemia	LCML	MSS/MSI-L	D/F12	Suspension	905940
KCL-22	KCL-22	Y	Y	Y	Y	Y	leukemia	chronic_myeloid_leukaemia	LCML	MSI-H	R	Suspension	1330931
KU812	KU812	Y	Y	Y	Y	Y	leukemia	chronic_myeloid_leukaemia	LCML	MSS/MSI-L	R	Suspension	907311
LAMA-84	LAMA-84	Y	Y	Y	Y	Y	leukemia	chronic_myeloid_leukaemia	LCML	MSS/MSI-L	R	Suspension	907783
MEG-01	MEG-01	Y	Y	Y	Y	Y	leukemia	chronic_myeloid_leukaemia	LCML	MSS/MSI-L	R	Suspension	908126
RPMI-8866	RPMI-8866	Y	Y	Y	Y	Y	leukemia	chronic_myeloid_leukaemia	LCML	MSS/MSI-L	R	Suspension	910544
AMO-1	AMO-1	Y	Y	Y	Y	Y	myeloma	haematopoietic_neoplasm other	MM	MSS/MSI-L	R	Suspension	1295741
EOL-1-CELL	EoL-1-cell	Y	Y	Y	Y	Y	leukemia	haematopoietic_neoplasm other	NA	MSS/MSI-L	R	Suspension	906856
JJN-3	JJN-3	Y	Y	Y	Y	Y	myeloma	haematopoietic_neoplasm other	MM	MSS/MSI-L	D/F12	Suspension	1327766
KARPAS-620	KARPAS-620	Y	Y	Y	Y	Y	myeloma	haematopoietic_neoplasm other	MM	MSS/MSI-L	R	Suspension	1327775
MC-CAR	MC-CAR	Y	Y	Y	Y	Y	myeloma	haematopoietic_neoplasm other	MM	MSS/MSI-L	D/F12	Suspension	683665
SKM-1	SKM-1	Y	Y	Y	Y	Y	leukemia	haematopoietic_neoplasm other	NA	MSS/MSI-L	R	Suspension	909722
HC-1	HC-1	Y	Y	Y	Y	Y	leukemia	hairy_cell_leukaemia	NA	MSS/MSI-L	R	Suspension	907044
MLMA	MLMA	Y	Y	Y	Y	Y	leukemia	hairy_cell_leukaemia	NA	MSS/MSI-L	R	Semi-Adherent	908142
MO-T	Mo-T	Y	Y	Y	Y	Y	leukemia	hairy_cell_leukaemia	NA	MSS/MSI-L	D/F12	Suspension	908149
HDLM-2	HDLM-2	Y	Y	Y	Y	Y	lymphoma	Hodgkin_lymphoma	NA	MSS/MSI-L	R	Suspension	924110
HD-MY-Z	HD-MY-Z	Y	Y	Y	Y	Y	lymphoma	Hodgkin_lymphoma	NA	MSS/MSI-L	R	Adherent	907050
HS-445	Hs-445	Y	Y	Y	Y	Y	lymphoma	Hodgkin_lymphoma	NA	MSS/MSI-L	R	Suspension	1322218
KM-H2	KM-H2	Y	Y	Y	Y	Y	lymphoma	Hodgkin_lymphoma	NA	MSS/MSI-L	R	Suspension	909976
L-1236	L-1236	Y	Y	Y	Y	Y	lymphoma	Hodgkin_lymphoma	NA	MSS/MSI-L	R	Suspension	1330935
L-428	L-428	Y	Y	Y	Y	Y	lymphoma	Hodgkin_lymphoma	NA	MSS/MSI-L	R	Suspension	907322
L-540	L-540	Y	Y	Y	Y	Y	lymphoma	Hodgkin_lymphoma	NA	MSS/MSI-L	R	Suspension	907323
RPMI-6666	RPMI-6666	Y	Y	Y	Y	Y	lymphoma	Hodgkin_lymphoma	NA	MSS/MSI-L	R	Suspension	909701
SUP-HD1	SUP-HD1	Y	Y	Y	Y	Y	lymphoma	Hodgkin_lymphoma	NA	MSS/MSI-L	R	Suspension	1331039
KY821	KY821	Y	Y	Y	Y	Y	leukemia	leukemia	LAML	MSS/MSI-L	R	Suspension	907300
MV-4-11	MV-4-11	Y	Y	Y	Y	Y	leukemia	leukemia	NA	MSS/MSI-L	D/F12	Suspension	908156
RS4-11	RS4-11	Y	Y	Y	Y	Y	leukemia	leukemia	ALL	MSI-H	R	Suspension	909703
697	697	Y	Y	Y	Y	Y	leukemia	lymphoblastic_leukemia	NA	MSS/MSI-L	R	Suspension	906800
ALL-PO	ALL-PO	Y	Y	Y	Y	Y	leukemia	lymphoblastic_leukemia	ALL	MSS/MSI-L	R	Suspension	910944
BE-13	BE-13	Y	Y	Y	Y	Y	leukemia	lymphoblastic_leukemia	ALL	MSS/MSI-L	R	Suspension	906763
CCRF-CEM	CCRF-CEM	Y	Y	Y	Y	Y	leukemia	lymphoblastic_leukemia	ALL	MSS/MSI-L	R	Suspension	905952
GR-ST	GR-ST	Y	Y	Y	Y	Y	leukemia	lymphoblastic_leukemia	ALL	MSI-H	R	Suspension	906877
HAL-01	HAL-01	Y	Y	Y	Y	Y	leukemia	lymphoblastic_leukemia	ALL	MSS/MSI-L	R	Suspension	949153
KARPAS-45	KARPAS-45	Y	Y	Y	Y	Y	leukemia	lymphoblastic_leukemia	ALL	MSS/MSI-L	R	Suspension	907272
KE-37	KE-37	Y	Y	Y	Y	Y	leukemia	lymphoblastic_leukemia	ALL	MSS/MSI-L	R	Suspension	907277
LC4-1	LC4-1	Y	Y	Y	Y	Y	leukemia	lymphoblastic_leukemia	ALL	MSS/MSI-L	R	Suspension	907787
MOLT-4	MOLT-4	Y	Y	Y	Y	Y	leukemia	lymphoblastic_leukemia	ALL	MSI-H	R	Suspension	905958
P30-OHK	P30-OHK	Y	Y	Y	Y	Y	leukemia	lymphoblastic_leukemia	ALL	MSI-H	R	Suspension	909252
SUP-B15	SUP-B15	Y	Y	Y	Y	Y	leukemia	lymphoblastic_leukemia	ALL	MSS/MSI-L	D/F12	Suspension	1247871
ATN-1	ATN-1	Y	Y	Y	Y	Y	leukemia	lymphoblastic_T_cell_leukaemia	ALL	MSS/MSI-L	R	Suspension	910687
LOUCY	LOUCY	Y	Y	Y	Y	Y	leukemia	lymphoblastic_T_cell_leukaemia	ALL	MSS/MSI-L	R	Suspension	907789
MOLT-13	MOLT-13	Y	Y	Y	Y	Y	leukemia	lymphoblastic_T_cell_leukaemia	ALL	MSI-H	R	Suspension	908146
MOLT-16	MOLT-16	Y	Y	Y	Y	Y	leukemia	lymphoblastic_T_cell_leukaemia	ALL	MSS/MSI-L	R	Suspension	908147
P12-ICHIKAWA	P12-ICHIKAWA	Y	Y	Y	Y	Y	leukemia	lymphoblastic_T_cell_leukaemia	ALL	MSS/MSI-L	R	Suspension	909251
PF-382	PF-382	Y	Y	Y	Y	Y	leukemia	lymphoblastic_T_cell_leukaemia	ALL	MSS/MSI-L	R	Suspension	909260
RPMI-8402	RPMI-8402	Y	Y	Y	Y	Y	leukemia	lymphoblastic_T_cell_leukaemia	ALL	MSS/MSI-L	R	Suspension	909702
SUP-T1	SUP-T1	Y	Y	Y	Y	Y	leukemia	lymphoblastic_T_cell_leukaemia	ALL	MSS/MSI-L	R	Suspension	909743
DEL	DEL	Y	Y	Y	Y	Y	lymphoma	lymphoid_neoplasm other	NA	MSS/MSI-L	R	Suspension	906836
EHEB	EHEB	Y	Y	Y	Y	Y	lymphoma	lymphoid_neoplasm other	CLL	MSS/MSI-L	R	Suspension	906854
EJM	EJM	Y	Y	Y	Y	Y	myeloma	lymphoid_neoplasm other	MM	MSS/MSI-L	D/F12	Semi-Adherent	1297447
H9	H9	Y	Y	Y	Y	Y	lymphoma	lymphoid_neoplasm other	NA	MSS/MSI-L	R	Suspension	907043
JVM-2	JVM-2	Y	Y	Y	Y	Y	lymphoma	lymphoid_neoplasm other	CLL	MSS/MSI-L	R	Suspension	907269
JVM-3	JVM-3	Y	Y	Y	Y	Y	lymphoma	lymphoid_neoplasm other	CLL	MSS/MSI-L	R	Suspension	907270
SR	SR	Y	Y	Y	Y	Y	lymphoma	lymphoid_neoplasm other	NA	MSS/MSI-L	R	Suspension	905965
WIL2-NS	WIL2-NS	Y	Y	Y	Y	Y	lymphoma	lymphoid_neoplasm other	NA	MSS/MSI-L	R	Suspension	1331049
WSU-NHL	WSU-NHL	Y	Y	Y	Y	Y	lymphoma	lymphoid_neoplasm other	NA	MSI-H	R	Suspension	909785
YT	YT	Y	Y	Y	Y	Y	lymphoma	lymphoid_neoplasm other	ALL	MSS/MSI-L	D/F12	Suspension	946358
ARH-77	ARH-77	Y	Y	Y	Y	Y	myeloma	myeloma	MM	MSS/MSI-L	R	Suspension	906765
IM-9	IM-9	Y	Y	Y	Y	Y	myeloma	myeloma	MM	MSS/MSI-L	R	Suspension	753563
KMS-12-BM	KMS-12-BM	Y	Y	Y	Y	Y	myeloma	myeloma	MM	MSS/MSI-L	R	Suspension	907281
L-363	L-363	Y	Y	Y	Y	Y	myeloma	myeloma	MM	MSS/MSI-L	R	Suspension	924239
LP-1	LP-1	Y	Y	Y	Y	Y	myeloma	myeloma	MM	MSS/MSI-L	D/F12	Suspension	907791
MM1S	MM1S	Y	Y	Y	Y	Y	myeloma	myeloma	MM	MSS/MSI-L	R	Suspension	1659818
MOLP-8	MOLP-8	Y	Y	Y	Y	Y	myeloma	myeloma	MM	MSS/MSI-L	R	Suspension	1330950
NCI-H929	NCI-H929	Y	Y	Y	Y	Y	myeloma	myeloma	MM	MSS/MSI-L	R	Suspension	724825
OPM-2	OPM-2	Y	Y	Y	Y	Y	myeloma	myeloma	MM	MSS/MSI-L	R	Suspension	909249
RPMI-8226	RPMI-8226	Y	Y	Y	Y	Y	myeloma	myeloma	MM	MSS/MSI-L	R	Suspension	905964
SK-MM-2	SK-MM-2	Y	Y	Y	Y	Y	myeloma	myeloma	MM	MSS/MSI-L	R	Suspension	753612
U-266	U-266	Y	Y	Y	Y	Y	myeloma	myeloma	MM	MSS/MSI-L	R	Semi-Adherent	753615
ALL-SIL	ALL-SIL	Y	Y	Y	Y	Y	leukemia	T_cell_leukemia	ALL	MSS/MSI-L	R	Suspension	1295740
DND-41	DND-41	Y	Y	Y	Y	Y	leukemia	T_cell_leukemia	ALL	MSI-H	R	Suspension	1297446
HH	HH	Y	Y	Y	Y	Y	leukemia	T_cell_leukemia	NA	MSS/MSI-L	R	Suspension	907056
JURKAT	Jurkat	Y	Y	Y	Y	Y	leukemia	T_cell_leukemia	ALL	MSI-H	R	Suspension	998184
CS1	CS1	Y	Y	Y	Y	Y	bone	bone_other	NA	MSS/MSI-L	R	Adherent	1290795
SJSA-1	SJSA-1	Y	Y	Y	Y	Y	bone	bone_other	NA	MSS/MSI-L	R	Adherent	909717
CAL-78	CAL-78	Y	Y	Y	Y	Y	bone	chondrosarcoma	NA	MSS/MSI-L	R	Adherent	1290765
CHSA8926	CHSA8926	Y	Y	Y	Y	Y	bone	chondrosarcoma	NA	MSS/MSI-L	R	Adherent	1303912
H-EMC-SS	H-EMC-SS	Y	Y	Y	Y	Y	bone	chondrosarcoma	NA	MSS/MSI-L	D/F12	Adherent	907290
CADO-ES1	CADO-ES1	Y	Y	Y	Y	Y	bone	ewings_sarcoma	NA	MSS/MSI-L	R	Suspension	753539
ES1	ES1	Y	Y	Y	Y	Y	bone	ewings_sarcoma	NA	MSS/MSI-L	R	Adherent	949158
ES3	ES3	Y	Y	Y	Y	Y	bone	ewings_sarcoma	NA	MSS/MSI-L	R	Adherent	684055
ES4	ES4	Y	Y	Y	Y	Y	bone	ewings_sarcoma	NA	MSS/MSI-L	R	Adherent	949156
ES5	ES5	Y	Y	Y	Y	Y	bone	ewings_sarcoma	NA	MSS/MSI-L	R	Adherent	684057
ES7	ES7	Y	Y	Y	Y	Y	bone	ewings_sarcoma	NA	MSS/MSI-L	R	Adherent	684059
ES8	ES8	Y	Y	Y	Y	Y	bone	ewings_sarcoma	NA	MSS/MSI-L	R	Adherent	949155
EW-1	EW-1	Y	Y	Y	Y	Y	bone	ewings_sarcoma	NA	MSS/MSI-L	R	Semi-Adherent	949163
EW-11	EW-11	Y	Y	Y	Y	Y	bone	ewings_sarcoma	NA	MSS/MSI-L	R	Adherent	684062
EW-12	EW-12	Y	Y	Y	Y	Y	bone	ewings_sarcoma	NA	MSS/MSI-L	R	Suspension	949162
EW-13	EW-13	Y	Y	Y	Y	Y	bone	ewings_sarcoma	NA	MSS/MSI-L	R	Suspension	949166
EW-16	EW-16	Y	Y	Y	Y	Y	bone	ewings_sarcoma	NA	MSS/MSI-L	R	Adherent	949165
EW-18	EW-18	Y	Y	Y	Y	Y	bone	ewings_sarcoma	NA	MSS/MSI-L	R	Suspension	949164
EW-22	EW-22	Y	Y	Y	Y	Y	bone	ewings_sarcoma	NA	MSS/MSI-L	R	Adherent	949167
EW-24	EW-24	Y	Y	Y	Y	Y	bone	ewings_sarcoma	NA	MSS/MSI-L	R	Semi-Adherent	949168
EW-3	EW-3	Y	Y	Y	Y	Y	bone	ewings_sarcoma	NA	MSS/MSI-L	R	Adherent	949161
EW-7	EW-7	Y	Y	Y	Y	Y	bone	ewings_sarcoma	NA	MSS/MSI-L	R	Semi-Adherent	949160
SK-ES-1	SK-ES-1	Y	Y	Y	Y	Y	bone	ewings_sarcoma	NA	MSS/MSI-L	R	Semi-Adherent	684072
SK-PN-DW	SK-PN-DW	Y	Y	Y	Y	Y	bone	ewings_sarcoma	NA	MSS/MSI-L	D/F12	Adherent	909731
TC-71	TC-71	Y	Y	Y	Y	Y	bone	ewings_sarcoma	NA	MSS/MSI-L	D/F12	Adherent	1240221
CAL-72	CAL-72	Y	Y	Y	Y	Y	bone	osteosarcoma	NA	MSS/MSI-L	D/F12	Adherent	906827
G-292CLONEA141B1	G-292 Clone A141B1	Y	Y	Y	Y	Y	bone	osteosarcoma	NA	MSS/MSI-L	R	Adherent	1290807
HOS	HOS	Y	Y	Y	Y	Y	bone	osteosarcoma	NA	MSS/MSI-L	D/F12	Adherent	907060
HUO-3N1	HuO-3N1	Y	Y	Y	Y	Y	bone	osteosarcoma	NA	MSS/MSI-L	R	Adherent	909977
HUO9	HuO9	Y	Y	Y	Y	Y	bone	osteosarcoma	NA	MSS/MSI-L	R	Adherent	907072
MG-63	MG-63	Y	Y	Y	Y	Y	bone	osteosarcoma	NA	MSS/MSI-L	D/F12	Adherent	908131
NOS-1	NOS-1	Y	Y	Y	Y	Y	bone	osteosarcoma	NA	MSS/MSI-L	R	Adherent	925345
NY	NY	Y	Y	Y	Y	Y	bone	osteosarcoma	NA	MSS/MSI-L	D/F12	Adherent	910849
SAOS-2	Saos-2	Y	Y	Y	Y	Y	bone	osteosarcoma	NA	MSS/MSI-L	R	Adherent	909707
U-2-OS	U-2-OS	Y	Y	Y	Y	Y	bone	osteosarcoma	NA	MSS/MSI-L	R	Adherent	909776
AU565	AU565	Y	Y	Y	Y	Y	breast	breast	BRCA	MSS/MSI-L	R	Adherent	910704
BT-20	BT-20	Y	Y	Y	Y	Y	breast	breast	BRCA	MSS/MSI-L	D/F12	Adherent	906801
BT-474	BT-474	Y	Y	Y	Y	Y	breast	breast	BRCA	MSS/MSI-L	R	Adherent	946359
BT-483	BT-483	Y	Y	Y	Y	Y	breast	breast	BRCA	MSS/MSI-L	R	Adherent	949093
BT-549	BT-549	Y	Y	Y	Y	Y	breast	breast	BRCA	MSS/MSI-L	R	Adherent	905951
CAL-120	CAL-120	Y	Y	Y	Y	Y	breast	breast	BRCA	MSS/MSI-L	D/F12	Adherent	906826
CAL-148	CAL-148	Y	Y	Y	Y	Y	breast	breast	BRCA	MSS/MSI-L	D/F12	Suspension	924106
CAL-51	CAL-51	Y	Y	Y	Y	Y	breast	breast	BRCA	MSS/MSI-L	D/F12	Adherent	910927
CAL-85-1	CAL-85-1	Y	Y	Y	Y	Y	breast	breast	BRCA	MSS/MSI-L	D/F12	Adherent	910852
CAMA-1	CAMA-1	Y	Y	Y	Y	Y	breast	breast	BRCA	MSS/MSI-L	D/F12	Adherent	946382
COLO-824	COLO-824	Y	Y	Y	Y	Y	breast	breast	BRCA	MSS/MSI-L	R	Adherent	906812
DU-4475	DU-4475	Y	Y	Y	Y	Y	breast	breast	BRCA	MSS/MSI-L	R	Suspension	906844
EFM-19	EFM-19	Y	Y	Y	Y	Y	breast	breast	BRCA	MSS/MSI-L	R	Adherent	906851
EFM-192A	EFM-192A	Y	Y	Y	Y	Y	breast	breast	BRCA	MSS/MSI-L	R	Adherent	1290798
EVSA-T	EVSA-T	Y	Y	Y	Y	Y	breast	breast	BRCA	MSS/MSI-L	D/F12	Adherent	906862
HCC1143	HCC1143	Y	Y	Y	Y	Y	breast	breast	BRCA	MSS/MSI-L	R	Adherent	749710
HCC1187	HCC1187	Y	Y	Y	Y	Y	breast	breast	BRCA	MSS/MSI-L	R	Suspension	749711
HCC1395	HCC1395	Y	Y	Y	Y	Y	breast	breast	BRCA	MSS/MSI-L	R	Adherent	749712
HCC1419	HCC1419	Y	Y	Y	Y	Y	breast	breast	BRCA	MSS/MSI-L	R	Adherent	907045
HCC1428	HCC1428	Y	Y	Y	Y	Y	breast	breast	BRCA	MSS/MSI-L	R	Adherent	1290905
HCC1500	HCC1500	Y	Y	Y	Y	Y	breast	breast	BRCA	MSS/MSI-L	R	Adherent	1303900
HCC1569	HCC1569	Y	Y	Y	Y	Y	breast	breast	BRCA	MSI-H	R	Adherent	907046
HCC1599	HCC1599	Y	Y	Y	Y	Y	breast	breast	BRCA	MSS/MSI-L	R	Suspension	749713
HCC1806	HCC1806	Y	Y	Y	Y	Y	breast	breast	NA	MSS/MSI-L	R	Adherent	907047
HCC1937	HCC1937	Y	Y	Y	Y	Y	breast	breast	BRCA	MSS/MSI-L	R	Adherent	749714
HCC1954	HCC1954	Y	Y	Y	Y	Y	breast	breast	BRCA	MSS/MSI-L	R	Adherent	749709
HCC202	HCC202	Y	Y	Y	Y	Y	breast	breast	BRCA	MSS/MSI-L	R	Adherent	1290906
HCC2157	HCC2157	Y	Y	Y	Y	Y	breast	breast	BRCA	MSS/MSI-L	D/F12	Suspension	749715
HCC2218	HCC2218	Y	Y	Y	Y	Y	breast	breast	BRCA	MSS/MSI-L	R	Suspension	749716
HCC38	HCC38	Y	Y	Y	Y	Y	breast	breast	BRCA	MSS/MSI-L	R	Adherent	749717
HCC70	HCC70	Y	Y	Y	Y	Y	breast	breast	BRCA	MSS/MSI-L	R	Adherent	907048
HDQ-P1	HDQ-P1	Y	Y	Y	Y	Y	breast	breast	BRCA	MSS/MSI-L	D/F12	Adherent	1290922
HS-578-T	Hs-578-T	Y	Y	Y	Y	Y	breast	breast	BRCA	MSS/MSI-L	D/F12	Adherent	905957
MCF7	MCF7	Y	Y	Y	Y	Y	breast	breast	BRCA	MSS/MSI-L	D/F12	Adherent	905946
MDA-MB-157	MDA-MB-157	Y	Y	Y	Y	Y	breast	breast	BRCA	MSS/MSI-L	D/F12	Adherent	925338
MDA-MB-231	MDA-MB-231	Y	Y	Y	Y	Y	breast	breast	BRCA	MSS/MSI-L	D/F12	Adherent	905960
MDA-MB-330	MDA-MB-330	Y	Y	Y	Y	Y	breast	breast	BRCA	MSS/MSI-L	D/F12	Adherent	1330941
MDA-MB-361	MDA-MB-361	Y	Y	Y	Y	Y	breast	breast	BRCA	MSS/MSI-L	D/F12	Adherent	908121
MDA-MB-415	MDA-MB-415	Y	Y	Y	Y	Y	breast	breast	BRCA	MSS/MSI-L	D/F12	Adherent	924240
MDA-MB-436	MDA-MB-436	Y	Y	Y	Y	Y	breast	breast	BRCA	MSS/MSI-L	D/F12	Adherent	1240172
MDA-MB-453	MDA-MB-453	Y	Y	Y	Y	Y	breast	breast	BRCA	MSS/MSI-L	D/F12	Adherent	908122
MDA-MB-468	MDA-MB-468	Y	Y	Y	Y	Y	breast	breast	BRCA	MSS/MSI-L	D/F12	Adherent	908123
MFM-223	MFM-223	Y	Y	Y	Y	Y	breast	breast	BRCA	MSS/MSI-L	D/F12	Adherent	910948
MRK-NU-1	MRK-nu-1	Y	Y	Y	Y	Y	breast	breast	BRCA	MSS/MSI-L	D/F12	Suspension	908151
OCUB-M	OCUB-M	Y	Y	Y	Y	Y	breast	breast	BRCA	MSS/MSI-L	D/F12	Adherent	909256
T47D	T47D	Y	Y	Y	Y	Y	breast	breast	BRCA	MSS/MSI-L	R	Adherent	905945
UACC-812	UACC-812	Y	Y	Y	Y	Y	breast	breast	BRCA	MSS/MSI-L	D/F12	Adherent	910910
UACC-893	UACC-893	Y	Y	Y	Y	Y	breast	breast	BRCA	MSS/MSI-L	D/F12	Adherent	909778
ZR-75-30	ZR-75-30	Y	Y	Y	Y	Y	breast	breast	BRCA	MSS/MSI-L	R	Adherent	909907
EGI-1	EGI-1	Y	Y	Y	Y	Y	digestive_system	biliary_tract	NA	MSS/MSI-L	D/F12	Adherent	906853
ETK-1	ETK-1	Y	Y	Y	Y	Y	digestive_system	biliary_tract	NA	MSS/MSI-L	R	Adherent	906861
HUCCT1	HuCCT1	Y	Y	Y	Y	Y	digestive_system	biliary_tract	NA	MSS/MSI-L	R	Adherent	907069
TGBC1TKB	TGBC1TKB	Y	Y	Y	Y	Y	digestive_system	biliary_tract	NA	MSS/MSI-L	D/F12	Adherent	909769
TGBC24TKB	TGBC24TKB	Y	Y	Y	Y	Y	digestive_system	biliary_tract	NA	MSS/MSI-L	D/F12	Adherent	910695
HUTU-80	HUTU-80	Y	Y	Y	Y	Y	digestive_system	digestive_system_other	NA	MSS/MSI-L	D/F12	Adherent	907073
C2BBE1	C2BBe1	Y	Y	Y	Y	Y	large_intestine	large_intestine	COAD/READ	MSS/MSI-L	D/F12	Adherent	910700
CAR-1	CaR-1	Y	Y	Y	Y	Y	large_intestine	large_intestine	COAD/READ	MSS/MSI-L	D/F12	Adherent	924108
CCK-81	CCK-81	Y	Y	Y	Y	Y	large_intestine	large_intestine	COAD/READ	MSI-H	R	Adherent	1240123
CL-11	CL-11	Y	Y	Y	Y	Y	large_intestine	large_intestine	COAD/READ	MSS/MSI-L	D/F12	Adherent	1290769
CL-40	CL-40	Y	Y	Y	Y	Y	large_intestine	large_intestine	COAD/READ	MSS/MSI-L	D/F12	Adherent	1240124
COLO-205	COLO-205	Y	Y	Y	Y	Y	large_intestine	large_intestine	COAD/READ	MSS/MSI-L	R	Suspension	905961
COLO-320-HSR	COLO-320-HSR	Y	Y	Y	Y	Y	large_intestine	large_intestine	COAD/READ	MSS/MSI-L	R	Suspension	910569
COLO-678	COLO-678	Y	Y	Y	Y	Y	large_intestine	large_intestine	COAD/READ	MSS/MSI-L	R	Semi-Adherent	910689
CW-2	CW-2	Y	Y	Y	Y	Y	large_intestine	large_intestine	COAD/READ	MSI-H	R	Adherent	910554
GP5D	GP5d	Y	Y	Y	Y	Y	large_intestine	large_intestine	COAD/READ	MSI-H	D/F12	Adherent	907291
HCC2998	HCC2998	Y	Y	Y	Y	Y	large_intestine	large_intestine	COAD/READ	MSS/MSI-L	R	Adherent	905971
HCC-56	HCC-56	Y	Y	Y	Y	Y	large_intestine	large_intestine	COAD/READ	MSS/MSI-L	R	Adherent	1290907
HCT-116	HCT-116	Y	Y	Y	Y	Y	large_intestine	large_intestine	COAD/READ	MSI-H	R	Adherent	905936
HCT-15	HCT-15	Y	Y	Y	Y	Y	large_intestine	large_intestine	COAD/READ	MSI-H	R	Adherent	905937
HT-115	HT-115	Y	Y	Y	Y	Y	large_intestine	large_intestine	COAD/READ	MSS/MSI-L	D/F12	Adherent	907289
HT-29	HT-29	Y	Y	Y	Y	Y	large_intestine	large_intestine	COAD/READ	MSS/MSI-L	R	Adherent	905939
HT55	HT55	Y	Y	Y	Y	Y	large_intestine	large_intestine	COAD/READ	MSS/MSI-L	D/F12	Adherent	907287
KM12	KM12	Y	Y	Y	Y	Y	large_intestine	large_intestine	COAD/READ	MSI-H	R	Adherent	905989
LOVO	LoVo	Y	Y	Y	Y	Y	large_intestine	large_intestine	COAD/READ	MSI-H	D/F12	Adherent	907790
LS-1034	LS-1034	Y	Y	Y	Y	Y	large_intestine	large_intestine	COAD/READ	MSS/MSI-L	R	Adherent	917486
LS-123	LS-123	Y	Y	Y	Y	Y	large_intestine	large_intestine	COAD/READ	MSS/MSI-L	D/F12	Adherent	907792
LS-180	LS-180	Y	Y	Y	Y	Y	large_intestine	large_intestine	COAD/READ	MSI-H	D/F12	Adherent	998189
LS-411N	LS-411N	Y	Y	Y	Y	Y	large_intestine	large_intestine	COAD/READ	MSI-H	R	Adherent	907794
LS-513	LS-513	Y	Y	Y	Y	Y	large_intestine	large_intestine	COAD/READ	MSS/MSI-L	R	Adherent	907795
MDST8	MDST8	Y	Y	Y	Y	Y	large_intestine	large_intestine	COAD/READ	MSS/MSI-L	R	Adherent	1240173
NCI-H630	NCI-H630	Y	Y	Y	Y	Y	large_intestine	large_intestine	COAD/READ	MSI-H	D/F12	Adherent	908482
NCI-H716	NCI-H716	Y	Y	Y	Y	Y	large_intestine	large_intestine	COAD/READ	MSS/MSI-L	R	Suspension	908458
NCI-H747	NCI-H747	Y	Y	Y	Y	Y	large_intestine	large_intestine	COAD/READ	MSS/MSI-L	R	Adherent	908457
RCM-1	RCM-1	Y	Y	Y	Y	Y	large_intestine	large_intestine	COAD/READ	MSS/MSI-L	R	Adherent	909263
RKO	RKO	Y	Y	Y	Y	Y	large_intestine	large_intestine	COAD/READ	MSI-H	D/F12	Adherent	909698
SK-CO-1	SK-CO-1	Y	Y	Y	Y	Y	large_intestine	large_intestine	COAD/READ	MSS/MSI-L	R	Adherent	909718
SNU-1040	SNU-1040	Y	Y	Y	Y	Y	large_intestine	large_intestine	COAD/READ	MSS/MSI-L	R	Adherent	1659823
SNU-175	SNU-175	Y	Y	Y	Y	Y	large_intestine	large_intestine	COAD/READ	MSI-H	R	Suspension	1659928
SNU-407	SNU-407	Y	Y	Y	Y	Y	large_intestine	large_intestine	COAD/READ	MSI-H	R	Adherent	1660034
SNU-61	SNU-61	Y	Y	Y	Y	Y	large_intestine	large_intestine	COAD/READ	MSS/MSI-L	R	Adherent	1660035
SNU-81	SNU-81	Y	Y	Y	Y	Y	large_intestine	large_intestine	COAD/READ	MSS/MSI-L	R	Adherent	1660036
SNU-C1	SNU-C1	Y	Y	Y	Y	Y	large_intestine	large_intestine	COAD/READ	MSS/MSI-L	R	Suspension	910905
SNU-C2B	SNU-C2B	Y	Y	Y	Y	Y	large_intestine	large_intestine	COAD/READ	MSI-H	R	Adherent	909740
SNU-C5	SNU-C5	Y	Y	Y	Y	Y	large_intestine	large_intestine	COAD/READ	MSI-H	R	Adherent	1674021
SW1116	SW1116	Y	Y	Y	Y	Y	large_intestine	large_intestine	COAD/READ	MSS/MSI-L	D/F12	Adherent	909746
SW1417	SW1417	Y	Y	Y	Y	Y	large_intestine	large_intestine	COAD/READ	MSS/MSI-L	D/F12	Adherent	909747
SW1463	SW1463	Y	Y	Y	Y	Y	large_intestine	large_intestine	COAD/READ	MSS/MSI-L	D/F12	Adherent	909748
SW48	SW48	Y	Y	Y	Y	Y	large_intestine	large_intestine	COAD/READ	MSI-H	D/F12	Adherent	909751
SW837	SW837	Y	Y	Y	Y	Y	large_intestine	large_intestine	COAD/READ	MSS/MSI-L	D/F12	Adherent	909755
SW948	SW948	Y	Y	Y	Y	Y	large_intestine	large_intestine	COAD/READ	MSS/MSI-L	D/F12	Adherent	909757
T84	T84	Y	Y	Y	Y	Y	large_intestine	large_intestine	COAD/READ	MSS/MSI-L	D/F12	Adherent	909761
C3A	C3A	Y	Y	Y	Y	Y	digestive_system	liver	LIHC	MSS/MSI-L	D/F12	Adherent	910850
HEP3B21-7	Hep 3B2_1-7	Y	Y	Y	Y	Y	digestive_system	liver	LIHC	MSS/MSI-L	D/F12	Adherent	1240147
HLE	HLE	Y	Y	Y	Y	Y	digestive_system	liver	LIHC	MSS/MSI-L	D/F12	Adherent	907057
HUH-1	huH-1	Y	Y	Y	Y	Y	digestive_system	liver	LIHC	MSS/MSI-L	D/F12	Adherent	1298146
HUH-7	HuH-7	Y	Y	Y	Y	Y	digestive_system	liver	LIHC	MSS/MSI-L	D/F12	Adherent	907071
JHH-1	JHH-1	Y	Y	Y	Y	Y	digestive_system	liver	LIHC	MSS/MSI-L	D/F12	Adherent	1298151
JHH-6	JHH-6	Y	Y	Y	Y	Y	digestive_system	liver	LIHC	MSS/MSI-L	D/F12	Adherent	1240159
JHH-7	JHH-7	Y	Y	Y	Y	Y	digestive_system	liver	LIHC	MSS/MSI-L	D/F12	Adherent	1240160
SK-HEP-1	SK-HEP-1	Y	Y	Y	Y	Y	digestive_system	liver	LIHC	MSS/MSI-L	D/F12	Adherent	909719
SNU-182	SNU-182	Y	Y	Y	Y	Y	digestive_system	liver	LIHC	MSS/MSI-L	R	Adherent	1240216
SNU-387	SNU-387	Y	Y	Y	Y	Y	digestive_system	liver	LIHC	MSS/MSI-L	R	Adherent	909736
SNU-398	SNU-398	Y	Y	Y	Y	Y	digestive_system	liver	LIHC	MSS/MSI-L	R	Adherent	1240217
SNU-423	SNU-423	Y	Y	Y	Y	Y	digestive_system	liver	LIHC	MSS/MSI-L	R	Adherent	909737
SNU-449	SNU-449	Y	Y	Y	Y	Y	digestive_system	liver	LIHC	MSS/MSI-L	R	Adherent	909738
SNU-475	SNU-475	Y	Y	Y	Y	Y	digestive_system	liver	LIHC	MSS/MSI-L	R	Adherent	909739
23132-87	23132-87	Y	Y	Y	Y	Y	digestive_system	stomach	STAD	MSI-H	R	Adherent	910924
AGS	AGS	Y	Y	Y	Y	Y	digestive_system	stomach	STAD	MSS/MSI-L	D/F12	Adherent	906790
ECC10	ECC10	Y	Y	Y	Y	Y	digestive_system	stomach	NA	MSS/MSI-L	R	Suspension	906848
ECC12	ECC12	Y	Y	Y	Y	Y	digestive_system	stomach	NA	MSS/MSI-L	R	Suspension	906849
FU97	FU97	Y	Y	Y	Y	Y	digestive_system	stomach	STAD	MSS/MSI-L	D/F12	Adherent	1290806
GCIY	GCIY	Y	Y	Y	Y	Y	digestive_system	stomach	STAD	MSS/MSI-L	D/F12	Adherent	906869
GT3TKB	GT3TKB	Y	Y	Y	Y	Y	digestive_system	stomach	STAD	MSS/MSI-L	D/F12	Adherent	907041
HGC-27	HGC-27	Y	Y	Y	Y	Y	digestive_system	stomach	STAD	MSS/MSI-L	D/F12	Adherent	907055
HS746T	Hs746T	Y	Y	Y	Y	Y	digestive_system	stomach	STAD	MSS/MSI-L	D/F12	Adherent	1240151
HSC-39	HSC-39	Y	Y	Y	Y	Y	digestive_system	stomach	STAD	MSS/MSI-L	D/F12	Suspension	1322224
IM-95	IM-95	Y	Y	Y	Y	Y	digestive_system	stomach	STAD	MSS/MSI-L	R	Adherent	1240155
KATOIII	KATOIII	Y	Y	Y	Y	Y	digestive_system	stomach	STAD	MSS/MSI-L	D/F12	Semi-Adherent	907276
MKN1	MKN1	Y	Y	Y	Y	Y	digestive_system	stomach	NA	MSS/MSI-L	R	Adherent	908138
MKN28	MKN28	Y	Y	Y	Y	Y	digestive_system	stomach	STAD	MSS/MSI-L	R	Adherent	908139
MKN45	MKN45	Y	Y	Y	Y	Y	digestive_system	stomach	STAD	MSS/MSI-L	R	Adherent	925340
MKN7	MKN7	Y	Y	Y	Y	Y	digestive_system	stomach	STAD	MSS/MSI-L	R	Adherent	924250
NCI-N87	NCI-N87	Y	Y	Y	Y	Y	digestive_system	stomach	STAD	MSS/MSI-L	R	Adherent	908461
NCI-SNU-1	NCI-SNU-1	Y	Y	Y	Y	Y	digestive_system	stomach	STAD	MSI-H	R	Suspension	908444
NCI-SNU-16	NCI-SNU-16	Y	Y	Y	Y	Y	digestive_system	stomach	STAD	MSS/MSI-L	R	Suspension	908446
NCI-SNU-5	NCI-SNU-5	Y	Y	Y	Y	Y	digestive_system	stomach	STAD	MSS/MSI-L	D/F12	Suspension	908445
NUGC-3	NUGC-3	Y	Y	Y	Y	Y	digestive_system	stomach	STAD	MSI-H	R	Adherent	908455
NUGC-4	NUGC-4	Y	Y	Y	Y	Y	digestive_system	stomach	STAD	MSS/MSI-L	R	Adherent	1298357
OCUM-1	OCUM-1	Y	Y	Y	Y	Y	digestive_system	stomach	STAD	MSS/MSI-L	D/F12	Adherent	1298358
RERF-GC-1B	RERF-GC-1B	Y	Y	Y	Y	Y	digestive_system	stomach	STAD	MSS/MSI-L	R	Adherent	1240209
RF-48	RF-48	Y	Y	Y	Y	Y	digestive_system	stomach	STAD	MSS/MSI-L	D/F12	Adherent	909697
SCH	SCH	Y	Y	Y	Y	Y	digestive_system	stomach	NA	MSS/MSI-L	R	Adherent	909711
SK-GT-2	SK-GT-2	Y	Y	Y	Y	Y	digestive_system	stomach	STAD	MSS/MSI-L	R	Adherent	1503364
TGBC11TKB	TGBC11TKB	Y	Y	Y	Y	Y	digestive_system	stomach	STAD	MSI-H	D/F12	Adherent	909770
SW13	SW13	Y	Y	Y	Y	Y	kidney	adrenal_gland	ACC	MSS/MSI-L	D/F12	Adherent	909744
769-P	769-P	Y	Y	Y	Y	Y	kidney	kidney	KIRC	MSS/MSI-L	R	Adherent	910922
786-0	786-0	Y	Y	Y	Y	Y	kidney	kidney	KIRC	MSS/MSI-L	R	Adherent	905947
A498	A498	Y	Y	Y	Y	Y	kidney	kidney	KIRC	MSS/MSI-L	D/F12	Adherent	905948
A704	A704	Y	Y	Y	Y	Y	kidney	kidney	KIRC	MSS/MSI-L	D/F12	Adherent	910920
ACHN	ACHN	Y	Y	Y	Y	Y	kidney	kidney	KIRC	MSS/MSI-L	R	Adherent	905950
BB65-RCC	BB65-RCC	Y	Y	Y	Y	Y	kidney	kidney	KIRC	MSS/MSI-L	D/F12	Adherent	753533
BFTC-909	BFTC-909	Y	Y	Y	Y	Y	kidney	kidney	KIRC	MSS/MSI-L	D/F12	Adherent	910698
CAKI-1	CAKI-1	Y	Y	Y	Y	Y	kidney	kidney	KIRC	MSS/MSI-L	R	Adherent	905963
CAL-54	CAL-54	Y	Y	Y	Y	Y	kidney	kidney	KIRC	MSS/MSI-L	D/F12	Adherent	910952
G-401	G-401	Y	Y	Y	Y	Y	kidney	kidney	NA	MSS/MSI-L	R	Adherent	907299
HA7-RCC	HA7-RCC	Y	Y	Y	Y	Y	kidney	kidney	KIRC	MSS/MSI-L	D/F12	Adherent	753558
KMRC-1	KMRC-1	Y	Y	Y	Y	Y	kidney	kidney	KIRC	MSS/MSI-L	D/F12	Adherent	1298168
KMRC-20	KMRC-20	Y	Y	Y	Y	Y	kidney	kidney	KIRC	MSS/MSI-L	D/F12	Adherent	1298169
LB1047-RCC	LB1047-RCC	Y	Y	Y	Y	Y	kidney	kidney	KIRC	MSI-H	D/F12	Adherent	753577
LB2241-RCC	LB2241-RCC	Y	Y	Y	Y	Y	kidney	kidney	KIRC	MSS/MSI-L	D/F12	Adherent	753578
LB996-RCC	LB996-RCC	Y	Y	Y	Y	Y	kidney	kidney	KIRC	MSS/MSI-L	D/F12	Adherent	753585
NCC010	NCC010	Y	Y	Y	Y	Y	kidney	kidney	KIRC	MSS/MSI-L	R	Adherent	1509073
NCC021	NCC021	Y	Y	Y	Y	Y	kidney	kidney	KIRC	MSS/MSI-L	D/F12	Adherent	1509074
OS-RC-2	OS-RC-2	Y	Y	Y	Y	Y	kidney	kidney	KIRC	MSS/MSI-L	R	Adherent	909250
RCC10RGB	RCC10RGB	Y	Y	Y	Y	Y	kidney	kidney	KIRC	MSS/MSI-L	D/F12	Adherent	909974
RCC-AB	RCC-AB	Y	Y	Y	Y	Y	kidney	kidney	KIRC	MSS/MSI-L	D/F12	Adherent	1524418
RCC-ER	RCC-ER	Y	Y	Y	Y	Y	kidney	kidney	KIRC	MSS/MSI-L	D/F12	Adherent	1524417
RCC-FG2	RCC-FG2	Y	Y	Y	Y	Y	kidney	kidney	KIRC	MSS/MSI-L	D/F12	Adherent	1524414
RCC-JW	RCC-JW	Y	Y	Y	Y	Y	kidney	kidney	KIRC	MSS/MSI-L	D/F12	Adherent	1524416
RCC-MF	RCC-MF	Y	Y	Y	Y	Y	kidney	kidney	KIRC	MSS/MSI-L	D/F12	Adherent	1524419
RXF393	RXF393	Y	Y	Y	Y	Y	kidney	kidney	KIRC	MSS/MSI-L	R	Adherent	905978
SN12C	SN12C	Y	Y	Y	Y	Y	kidney	kidney	KIRC	MSS/MSI-L	D/F12	Adherent	905979
TK10	TK10	Y	Y	Y	Y	Y	kidney	kidney	KIRC	MSS/MSI-L	R	Adherent	905980
U031	U031	Y	Y	Y	Y	Y	kidney	kidney	KIRC	MSS/MSI-L	R	Adherent	905981
VMRC-RCZ	VMRC-RCZ	Y	Y	Y	Y	Y	kidney	kidney	KIRC	MSS/MSI-L	D/F12	Adherent	909781
201T	201T	Y	Y	Y	Y	Y	lung_NSCLC	lung_NSCLC_adenocarcinoma	LUAD	MSS/MSI-L	R	Adherent	1287381
A549	A549	Y	Y	Y	Y	Y	lung_NSCLC	lung_NSCLC_adenocarcinoma	LUAD	MSS/MSI-L	D/F12	Adherent	905949
ABC-1	ABC-1	Y	Y	Y	Y	Y	lung_NSCLC	lung_NSCLC_adenocarcinoma	LUAD	MSS/MSI-L	D/F12	Adherent	906791
CALU-3	Calu-3	Y	Y	Y	Y	Y	lung_NSCLC	lung_NSCLC_adenocarcinoma	LUAD	MSS/MSI-L	D/F12	Adherent	687777
CALU-6	Calu-6	Y	Y	Y	Y	Y	lung_NSCLC	lung_NSCLC_adenocarcinoma	LUAD	MSS/MSI-L	D/F12	Adherent	724859
COR-L105	COR-L105	Y	Y	Y	Y	Y	lung_NSCLC	lung_NSCLC_adenocarcinoma	LUAD	MSS/MSI-L	R	Adherent	906805
EKVX	EKVX	Y	Y	Y	Y	Y	lung_NSCLC	lung_NSCLC_adenocarcinoma	LUAD	MSS/MSI-L	D/F12	Adherent	905970
EMC-BAC-1	EMC-BAC-1	Y	Y	Y	Y	Y	lung_NSCLC	lung_NSCLC_adenocarcinoma	LUAD	MSS/MSI-L	R	Adherent	1503369
EMC-BAC-2	EMC-BAC-2	Y	Y	Y	Y	Y	lung_NSCLC	lung_NSCLC_adenocarcinoma	LUAD	MSS/MSI-L	R	Adherent	1503370
H3255	H3255	Y	Y	Y	Y	Y	lung_NSCLC	lung_NSCLC_adenocarcinoma	LUAD	MSS/MSI-L	R	Adherent	1247873
HCC-44	HCC-44	Y	Y	Y	Y	Y	lung_NSCLC	lung_NSCLC_adenocarcinoma	LUAD	MSS/MSI-L	R	Adherent	1240145
HCC-78	HCC-78	Y	Y	Y	Y	Y	lung_NSCLC	lung_NSCLC_adenocarcinoma	LUAD	MSS/MSI-L	R	Adherent	1290908
HCC-827	HCC-827	Y	Y	Y	Y	Y	lung_NSCLC	lung_NSCLC_adenocarcinoma	LUAD	MSS/MSI-L	R	Adherent	1240146
LC-2-AD	LC-2-ad	Y	Y	Y	Y	Y	lung_NSCLC	lung_NSCLC_adenocarcinoma	LUAD	MSS/MSI-L	R	Adherent	907786
LXF-289	LXF-289	Y	Y	Y	Y	Y	lung_NSCLC	lung_NSCLC_adenocarcinoma	LUAD	MSS/MSI-L	D/F12	Adherent	753592
NCI-H1355	NCI-H1355	Y	Y	Y	Y	Y	lung_NSCLC	lung_NSCLC_adenocarcinoma	LUAD	MSS/MSI-L	D/F12	Adherent	724866
NCI-H1395	NCI-H1395	Y	Y	Y	Y	Y	lung_NSCLC	lung_NSCLC_adenocarcinoma	LUAD	MSS/MSI-L	R	Adherent	684681
NCI-H1435	NCI-H1435	Y	Y	Y	Y	Y	lung_NSCLC	lung_NSCLC_adenocarcinoma	LUAD	MSS/MSI-L	D/F12	Semi-Adherent	1298347
NCI-H1563	NCI-H1563	Y	Y	Y	Y	Y	lung_NSCLC	lung_NSCLC_adenocarcinoma	LUAD	MSS/MSI-L	R	Adherent	753600
NCI-H1568	NCI-H1568	Y	Y	Y	Y	Y	lung_NSCLC	lung_NSCLC_adenocarcinoma	LUAD	MSS/MSI-L	R	Adherent	1298348
NCI-H1573	NCI-H1573	Y	Y	Y	Y	Y	lung_NSCLC	lung_NSCLC_adenocarcinoma	LUAD	MSS/MSI-L	D/F12	Adherent	908472
NCI-H1623	NCI-H1623	Y	Y	Y	Y	Y	lung_NSCLC	lung_NSCLC_adenocarcinoma	LUAD	MSS/MSI-L	D/F12	Adherent	687798
NCI-H1648	NCI-H1648	Y	Y	Y	Y	Y	lung_NSCLC	lung_NSCLC_adenocarcinoma	LUAD	MSS/MSI-L	D/F12	Adherent	687799
NCI-H1650	NCI-H1650	Y	Y	Y	Y	Y	lung_NSCLC	lung_NSCLC_adenocarcinoma	LUAD	MSS/MSI-L	R	Adherent	687800
NCI-H1651	NCI-H1651	Y	Y	Y	Y	Y	lung_NSCLC	lung_NSCLC_adenocarcinoma	LUAD	MSS/MSI-L	D/F12	Adherent	910900
NCI-H1666	NCI-H1666	Y	Y	Y	Y	Y	lung_NSCLC	lung_NSCLC_adenocarcinoma	LUAD	MSS/MSI-L	D/F12	Semi-Adherent	908473
NCI-H1693	NCI-H1693	Y	Y	Y	Y	Y	lung_NSCLC	lung_NSCLC_adenocarcinoma	LUAD	MSS/MSI-L	R	Adherent	687802
NCI-H1703	NCI-H1703	Y	Y	Y	Y	Y	lung_NSCLC	lung_NSCLC_adenocarcinoma	NA	MSS/MSI-L	R	Adherent	908474
NCI-H1734	NCI-H1734	Y	Y	Y	Y	Y	lung_NSCLC	lung_NSCLC_adenocarcinoma	LUAD	MSS/MSI-L	R	Adherent	722058
NCI-H1755	NCI-H1755	Y	Y	Y	Y	Y	lung_NSCLC	lung_NSCLC_adenocarcinoma	LUAD	MSS/MSI-L	R	Adherent	908475
NCI-H1781	NCI-H1781	Y	Y	Y	Y	Y	lung_NSCLC	lung_NSCLC_adenocarcinoma	LUAD	MSS/MSI-L	R	Adherent	1298350
NCI-H1792	NCI-H1792	Y	Y	Y	Y	Y	lung_NSCLC	lung_NSCLC_adenocarcinoma	LUAD	MSS/MSI-L	R	Adherent	724868
NCI-H1793	NCI-H1793	Y	Y	Y	Y	Y	lung_NSCLC	lung_NSCLC_adenocarcinoma	LUAD	MSS/MSI-L	D/F12	Adherent	908463
NCI-H1838	NCI-H1838	Y	Y	Y	Y	Y	lung_NSCLC	lung_NSCLC_adenocarcinoma	LUAD	MSS/MSI-L	R	Adherent	687807
NCI-H1944	NCI-H1944	Y	Y	Y	Y	Y	lung_NSCLC	lung_NSCLC_adenocarcinoma	LUAD	MSS/MSI-L	D/F12	Adherent	1240185
NCI-H1975	NCI-H1975	Y	Y	Y	Y	Y	lung_NSCLC	lung_NSCLC_adenocarcinoma	LUAD	MSS/MSI-L	R	Adherent	924244
NCI-H1993	NCI-H1993	Y	Y	Y	Y	Y	lung_NSCLC	lung_NSCLC_adenocarcinoma	LUAD	MSS/MSI-L	R	Adherent	908476
NCI-H2009	NCI-H2009	Y	Y	Y	Y	Y	lung_NSCLC	lung_NSCLC_adenocarcinoma	LUAD	MSS/MSI-L	D/F12	Adherent	724873
NCI-H2023	NCI-H2023	Y	Y	Y	Y	Y	lung_NSCLC	lung_NSCLC_adenocarcinoma	LUAD	MSS/MSI-L	R	Adherent	1240187
NCI-H2030	NCI-H2030	Y	Y	Y	Y	Y	lung_NSCLC	lung_NSCLC_adenocarcinoma	LUAD	MSS/MSI-L	R	Adherent	722045
NCI-H2085	NCI-H2085	Y	Y	Y	Y	Y	lung_NSCLC	lung_NSCLC_adenocarcinoma	LUAD	MSS/MSI-L	D/F12	Adherent	687812
NCI-H2087	NCI-H2087	Y	Y	Y	Y	Y	lung_NSCLC	lung_NSCLC_adenocarcinoma	LUAD	MSS/MSI-L	D/F12	Semi-Adherent	724834
NCI-H2122	NCI-H2122	Y	Y	Y	Y	Y	lung_NSCLC	lung_NSCLC_adenocarcinoma	LUAD	MSS/MSI-L	R	Adherent	722046
NCI-H2228	NCI-H2228	Y	Y	Y	Y	Y	lung_NSCLC	lung_NSCLC_adenocarcinoma	LUAD	MSS/MSI-L	R	Adherent	687816
NCI-H2291	NCI-H2291	Y	Y	Y	Y	Y	lung_NSCLC	lung_NSCLC_adenocarcinoma	LUAD	MSS/MSI-L	R	Adherent	724874
NCI-H23	NCI-H23	Y	Y	Y	Y	Y	lung_NSCLC	lung_NSCLC_adenocarcinoma	LUAD	MSS/MSI-L	R	Adherent	905942
NCI-H2342	NCI-H2342	Y	Y	Y	Y	Y	lung_NSCLC	lung_NSCLC_adenocarcinoma	LUAD	MSS/MSI-L	D/F12	Adherent	687819
NCI-H2347	NCI-H2347	Y	Y	Y	Y	Y	lung_NSCLC	lung_NSCLC_adenocarcinoma	LUAD	MSS/MSI-L	R	Adherent	687820
NCI-H2405	NCI-H2405	Y	Y	Y	Y	Y	lung_NSCLC	lung_NSCLC_adenocarcinoma	LUAD	MSS/MSI-L	D/F12	Adherent	687821
NCI-H292	NCI-H292	Y	Y	Y	Y	Y	lung_NSCLC	lung_NSCLC_adenocarcinoma	NA	MSS/MSI-L	R	Adherent	753604
NCI-H3122	NCI-H3122	Y	Y	Y	Y	Y	lung_NSCLC	lung_NSCLC_adenocarcinoma	LUAD	MSS/MSI-L	R	Adherent	1240190
NCI-H322M	NCI-H322M	Y	Y	Y	Y	Y	lung_NSCLC	lung_NSCLC_adenocarcinoma	LUAD	MSS/MSI-L	R	Suspension	905967
NCI-H358	NCI-H358	Y	Y	Y	Y	Y	lung_NSCLC	lung_NSCLC_adenocarcinoma	LUAD	MSS/MSI-L	R	Adherent	908465
NCI-H441	NCI-H441	Y	Y	Y	Y	Y	lung_NSCLC	lung_NSCLC_adenocarcinoma	LUAD	MSS/MSI-L	R	Adherent	908460
NCI-H522	NCI-H522	Y	Y	Y	Y	Y	lung_NSCLC	lung_NSCLC_adenocarcinoma	LUAD	MSS/MSI-L	R	Adherent	905944
NCI-H596	NCI-H596	Y	Y	Y	Y	Y	lung_NSCLC	lung_NSCLC_adenocarcinoma	NA	MSS/MSI-L	R	Adherent	908459
NCI-H650	NCI-H650	Y	Y	Y	Y	Y	lung_NSCLC	lung_NSCLC_adenocarcinoma	LUAD	MSS/MSI-L	D/F12	Adherent	722066
NCI-H838	NCI-H838	Y	Y	Y	Y	Y	lung_NSCLC	lung_NSCLC_adenocarcinoma	LUAD	MSS/MSI-L	R	Adherent	910399
PC-14	PC-14	Y	Y	Y	Y	Y	lung_NSCLC	lung_NSCLC_adenocarcinoma	LUAD	MSS/MSI-L	R	Adherent	753608
RERF-LC-KJ	RERF-LC-KJ	Y	Y	Y	Y	Y	lung_NSCLC	lung_NSCLC_adenocarcinoma	LUAD	MSS/MSI-L	R	Adherent	1298537
RERF-LC-MS	RERF-LC-MS	Y	Y	Y	Y	Y	lung_NSCLC	lung_NSCLC_adenocarcinoma	LUAD	MSS/MSI-L	D/F12	Adherent	910931
SK-LU-1	SK-LU-1	Y	Y	Y	Y	Y	lung_NSCLC	lung_NSCLC_adenocarcinoma	LUAD	MSS/MSI-L	D/F12	Adherent	909721
SW1573	SW1573	Y	Y	Y	Y	Y	lung_NSCLC	lung_NSCLC_adenocarcinoma	LUAD	MSS/MSI-L	D/F12	Adherent	724878
NCI-H720	NCI-H720	Y	Y	Y	Y	Y	lung_NSCLC	lung_NSCLC_carcinoid	NA	MSS/MSI-L	D/F12	Suspension	687600
NCI-H727	NCI-H727	Y	Y	Y	Y	Y	lung_NSCLC	lung_NSCLC_carcinoid	NA	MSS/MSI-L	R	Adherent	724855
NCI-H835	NCI-H835	Y	Y	Y	Y	Y	lung_NSCLC	lung_NSCLC_carcinoid	NA	MSS/MSI-L	R	Suspension	753607
UMC-11	UMC-11	Y	Y	Y	Y	Y	lung_NSCLC	lung_NSCLC_carcinoid	NA	MSS/MSI-L	D/F12	Adherent	909779
COR-L23	COR-L23	Y	Y	Y	Y	Y	lung_NSCLC	lung_NSCLC_large cell	NA	MSS/MSI-L	R	Adherent	687780
HOP-92	HOP-92	Y	Y	Y	Y	Y	lung_NSCLC	lung_NSCLC_large cell	NA	MSS/MSI-L	D/F12	Adherent	905973
IA-LM	IA-LM	Y	Y	Y	Y	Y	lung_NSCLC	lung_NSCLC_large cell	NA	MSS/MSI-L	D/F12	Adherent	910779
LCLC-103H	LCLC-103H	Y	Y	Y	Y	Y	lung_NSCLC	lung_NSCLC_large cell	NA	MSS/MSI-L	R	Adherent	753586
LCLC-97TM1	LCLC-97TM1	Y	Y	Y	Y	Y	lung_NSCLC	lung_NSCLC_large cell	NA	MSS/MSI-L	R	Adherent	946361
LU-65	LU-65	Y	Y	Y	Y	Y	lung_NSCLC	lung_NSCLC_large cell	NA	MSS/MSI-L	R	Suspension	724863
LU-99A	LU-99A	Y	Y	Y	Y	Y	lung_NSCLC	lung_NSCLC_large cell	NA	MSS/MSI-L	R	Adherent	907796
NCI-H1155	NCI-H1155	Y	Y	Y	Y	Y	lung_NSCLC	lung_NSCLC_large cell	NA	MSS/MSI-L	D/F12	Suspension	908467
NCI-H1299	NCI-H1299	Y	Y	Y	Y	Y	lung_NSCLC	lung_NSCLC_large cell	NA	MSS/MSI-L	R	Adherent	724831
NCI-H1581	NCI-H1581	Y	Y	Y	Y	Y	lung_NSCLC	lung_NSCLC_large cell	NA	MSS/MSI-L	D/F12	Semi-Adherent	908471
NCI-H1915	NCI-H1915	Y	Y	Y	Y	Y	lung_NSCLC	lung_NSCLC_large cell	NA	MSS/MSI-L	R	Adherent	1240184
NCI-H661	NCI-H661	Y	Y	Y	Y	Y	lung_NSCLC	lung_NSCLC_large cell	NA	MSS/MSI-L	R	Adherent	687829
NCI-H810	NCI-H810	Y	Y	Y	Y	Y	lung_NSCLC	lung_NSCLC_large cell	NA	MSS/MSI-L	D/F12	Adherent	925341
A427	A427	Y	Y	Y	Y	Y	lung_NSCLC	lung_NSCLC_not specified	UNABLE TO CLASSIFY	MSS/MSI-L	D/F12	Adherent	910851
BEN	BEN	Y	Y	Y	Y	Y	lung_NSCLC	lung_NSCLC_not specified	UNABLE TO CLASSIFY	MSS/MSI-L	D/F12	Adherent	753534
CAL-12T	CAL-12T	Y	Y	Y	Y	Y	lung_NSCLC	lung_NSCLC_not specified	UNABLE TO CLASSIFY	MSS/MSI-L	D/F12	Adherent	753540
CHAGO-K-1	ChaGo-K-1	Y	Y	Y	Y	Y	lung_NSCLC	lung_NSCLC_not specified	UNABLE TO CLASSIFY	MSS/MSI-L	R	Adherent	687596
HCC-366	HCC-366	Y	Y	Y	Y	Y	lung_NSCLC	lung_NSCLC_not specified	NA	MSS/MSI-L	R	Adherent	1240144
NCI-H1770	NCI-H1770	Y	Y	Y	Y	Y	lung_NSCLC	lung_NSCLC_not specified	UNABLE TO CLASSIFY	MSS/MSI-L	D/F12	Suspension	687804
NCI-H2110	NCI-H2110	Y	Y	Y	Y	Y	lung_NSCLC	lung_NSCLC_not specified	UNABLE TO CLASSIFY	MSS/MSI-L	R	Adherent	1298351
NCI-H2135	NCI-H2135	Y	Y	Y	Y	Y	lung_NSCLC	lung_NSCLC_not specified	UNABLE TO CLASSIFY	MSS/MSI-L	D/F12	Adherent	1298352
NCI-H2172	NCI-H2172	Y	Y	Y	Y	Y	lung_NSCLC	lung_NSCLC_not specified	UNABLE TO CLASSIFY	MSS/MSI-L	R	Adherent	1298353
NCI-H2444	NCI-H2444	Y	Y	Y	Y	Y	lung_NSCLC	lung_NSCLC_not specified	UNABLE TO CLASSIFY	MSS/MSI-L	R	Adherent	1298356
NCI-H647	NCI-H647	Y	Y	Y	Y	Y	lung_NSCLC	lung_NSCLC_not specified	NA	MSS/MSI-L	R	Adherent	1240191
EBC-1	EBC-1	Y	Y	Y	Y	Y	lung_NSCLC	lung_NSCLC_squamous_cell_carcinoma	LUSC	MSS/MSI-L	D/F12	Adherent	753554
EPLC-272H	EPLC-272H	Y	Y	Y	Y	Y	lung_NSCLC	lung_NSCLC_squamous_cell_carcinoma	LUSC	MSS/MSI-L	R	Adherent	753556
HARA	HARA	Y	Y	Y	Y	Y	lung_NSCLC	lung_NSCLC_squamous_cell_carcinoma	LUSC	MSS/MSI-L	R	Adherent	1240142
HCC-15	HCC-15	Y	Y	Y	Y	Y	lung_NSCLC	lung_NSCLC_squamous_cell_carcinoma	LUSC	MSS/MSI-L	D/F12	Adherent	1240143
KNS-62	KNS-62	Y	Y	Y	Y	Y	lung_NSCLC	lung_NSCLC_squamous_cell_carcinoma	LUSC	MSS/MSI-L	D/F12	Adherent	753569
LC-1-SQ	LC-1-sq	Y	Y	Y	Y	Y	lung_NSCLC	lung_NSCLC_squamous_cell_carcinoma	LUSC	MSS/MSI-L	R	Adherent	1298223
LK-2	LK-2	Y	Y	Y	Y	Y	lung_NSCLC	lung_NSCLC_squamous_cell_carcinoma	LUSC	MSS/MSI-L	R	Adherent	687787
LOU-NH91	LOU-NH91	Y	Y	Y	Y	Y	lung_NSCLC	lung_NSCLC_squamous_cell_carcinoma	LUSC	MSS/MSI-L	R	Adherent	1298226
NCI-H1869	NCI-H1869	Y	Y	Y	Y	Y	lung_NSCLC	lung_NSCLC_squamous_cell_carcinoma	LUSC	MSS/MSI-L	D/F12	Adherent	1240183
NCI-H2170	NCI-H2170	Y	Y	Y	Y	Y	lung_NSCLC	lung_NSCLC_squamous_cell_carcinoma	LUSC	MSS/MSI-L	R	Adherent	687815
NCI-H226	NCI-H226	Y	Y	Y	Y	Y	lung_NSCLC	lung_NSCLC_squamous_cell_carcinoma	LUSC	MSS/MSI-L	R	Adherent	905941
NCI-H520	NCI-H520	Y	Y	Y	Y	Y	lung_NSCLC	lung_NSCLC_squamous_cell_carcinoma	LUSC	MSS/MSI-L	R	Adherent	908443
RERF-LC-SQ1	RERF-LC-Sq1	Y	Y	Y	Y	Y	lung_NSCLC	lung_NSCLC_squamous_cell_carcinoma	LUSC	MSS/MSI-L	R	Adherent	1298538
SK-MES-1	SK-MES-1	Y	Y	Y	Y	Y	lung_NSCLC	lung_NSCLC_squamous_cell_carcinoma	LUSC	MSS/MSI-L	D/F12	Adherent	909728
SW900	SW900	Y	Y	Y	Y	Y	lung_NSCLC	lung_NSCLC_squamous_cell_carcinoma	LUSC	MSS/MSI-L	R	Adherent	724879
COR-L321	COR-L321	Y	Y	Y	Y	Y	lung	Lung_other	UNABLE TO CLASSIFY	MSS/MSI-L	R	Suspension	1322213
COLO-668	COLO-668	Y	Y	Y	Y	Y	lung_SCLC	lung_small_cell_carcinoma	SCLC	MSS/MSI-L	R	Adherent	910692
COR-L279	COR-L279	Y	Y	Y	Y	Y	lung_SCLC	lung_small_cell_carcinoma	SCLC	MSS/MSI-L	R	Suspension	910937
COR-L303	COR-L303	Y	Y	Y	Y	Y	lung_SCLC	lung_small_cell_carcinoma	SCLC	MSS/MSI-L	R	Suspension	1297438
COR-L311	COR-L311	Y	Y	Y	Y	Y	lung_SCLC	lung_small_cell_carcinoma	SCLC	MSS/MSI-L	R	Suspension	687980
COR-L32	COR-L32	Y	Y	Y	Y	Y	lung_SCLC	lung_small_cell_carcinoma	SCLC	MSS/MSI-L	R	Suspension	1322212
COR-L88	COR-L88	Y	Y	Y	Y	Y	lung_SCLC	lung_small_cell_carcinoma	SCLC	MSS/MSI-L	R	Adherent	906808
CPC-N	CPC-N	Y	Y	Y	Y	Y	lung_SCLC	lung_small_cell_carcinoma	SCLC	MSS/MSI-L	R	Suspension	753547
DMS-114	DMS-114	Y	Y	Y	Y	Y	lung_SCLC	lung_small_cell_carcinoma	SCLC	MSS/MSI-L	D/F12	Adherent	687983
DMS-273	DMS-273	Y	Y	Y	Y	Y	lung_SCLC	lung_small_cell_carcinoma	SCLC	MSS/MSI-L	D/F12	Adherent	687985
DMS-53	DMS-53	Y	Y	Y	Y	Y	lung_SCLC	lung_small_cell_carcinoma	SCLC	MSS/MSI-L	D/F12	Adherent	907295
IST-SL1	IST-SL1	Y	Y	Y	Y	Y	lung_SCLC	lung_small_cell_carcinoma	SCLC	MSS/MSI-L	R	Semi-Adherent	753564
IST-SL2	IST-SL2	Y	Y	Y	Y	Y	lung_SCLC	lung_small_cell_carcinoma	SCLC	MSS/MSI-L	R	Suspension	753565
LB647-SCLC	LB647-SCLC	Y	Y	Y	Y	Y	lung_SCLC	lung_small_cell_carcinoma	SCLC	MSS/MSI-L	R	Semi-Adherent	753582
LU-134-A	LU-134-A	Y	Y	Y	Y	Y	lung_SCLC	lung_small_cell_carcinoma	SCLC	MSS/MSI-L	R	Suspension	753588
LU-135	LU-135	Y	Y	Y	Y	Y	lung_SCLC	lung_small_cell_carcinoma	SCLC	MSS/MSI-L	R	Suspension	713899
LU-139	LU-139	Y	Y	Y	Y	Y	lung_SCLC	lung_small_cell_carcinoma	SCLC	MSS/MSI-L	R	Suspension	713878
LU-165	LU-165	Y	Y	Y	Y	Y	lung_SCLC	lung_small_cell_carcinoma	SCLC	MSS/MSI-L	R	Suspension	753589
MS-1	MS-1	Y	Y	Y	Y	Y	lung_SCLC	lung_small_cell_carcinoma	SCLC	MSS/MSI-L	R	Suspension	753594
NCI-H1048	NCI-H1048	Y	Y	Y	Y	Y	lung_SCLC	lung_small_cell_carcinoma	SCLC	MSI-H	D/F12	Adherent	687995
NCI-H1092	NCI-H1092	Y	Y	Y	Y	Y	lung_SCLC	lung_small_cell_carcinoma	SCLC	MSS/MSI-L	D/F12	Suspension	687997
NCI-H1105	NCI-H1105	Y	Y	Y	Y	Y	lung_SCLC	lung_small_cell_carcinoma	SCLC	MSS/MSI-L	D/F12	Suspension	908468
NCI-H1341	NCI-H1341	Y	Y	Y	Y	Y	lung_SCLC	lung_small_cell_carcinoma	SCLC	MSS/MSI-L	D/F12	Suspension	1330964
NCI-H1417	NCI-H1417	Y	Y	Y	Y	Y	lung_SCLC	lung_small_cell_carcinoma	SCLC	MSS/MSI-L	R	Suspension	688001
NCI-H1436	NCI-H1436	Y	Y	Y	Y	Y	lung_SCLC	lung_small_cell_carcinoma	SCLC	MSS/MSI-L	D/F12	Suspension	908469
NCI-H146	NCI-H146	Y	Y	Y	Y	Y	lung_SCLC	lung_small_cell_carcinoma	SCLC	MSS/MSI-L	R	Suspension	910899
NCI-H1688	NCI-H1688	Y	Y	Y	Y	Y	lung_SCLC	lung_small_cell_carcinoma	SCLC	MSS/MSI-L	R	Adherent	1298349
NCI-H1694	NCI-H1694	Y	Y	Y	Y	Y	lung_SCLC	lung_small_cell_carcinoma	SCLC	MSS/MSI-L	D/F12	Suspension	688006
NCI-H1836	NCI-H1836	Y	Y	Y	Y	Y	lung_SCLC	lung_small_cell_carcinoma	SCLC	MSS/MSI-L	D/F12	Suspension	1240182
NCI-H187	NCI-H187	Y	Y	Y	Y	Y	lung_SCLC	lung_small_cell_carcinoma	SCLC	MSS/MSI-L	R	Suspension	688007
NCI-H1876	NCI-H1876	Y	Y	Y	Y	Y	lung_SCLC	lung_small_cell_carcinoma	SCLC	MSS/MSI-L	D/F12	Adherent	1330972
NCI-H196	NCI-H196	Y	Y	Y	Y	Y	lung_SCLC	lung_small_cell_carcinoma	SCLC	MSS/MSI-L	R	Adherent	1240186
NCI-H1963	NCI-H1963	Y	Y	Y	Y	Y	lung_SCLC	lung_small_cell_carcinoma	SCLC	MSS/MSI-L	R	Suspension	688010
NCI-H2029	NCI-H2029	Y	Y	Y	Y	Y	lung_SCLC	lung_small_cell_carcinoma	SCLC	MSS/MSI-L	D/F12	Adherent	688011
NCI-H2066	NCI-H2066	Y	Y	Y	Y	Y	lung_SCLC	lung_small_cell_carcinoma	SCLC	MSS/MSI-L	D/F12	Adherent	1330973
NCI-H209	NCI-H209	Y	Y	Y	Y	Y	lung_SCLC	lung_small_cell_carcinoma	SCLC	MSS/MSI-L	R	Suspension	688013
NCI-H211	NCI-H211	Y	Y	Y	Y	Y	lung_SCLC	lung_small_cell_carcinoma	SCLC	MSS/MSI-L	R	Adherent	1240189
NCI-H2141	NCI-H2141	Y	Y	Y	Y	Y	lung_SCLC	lung_small_cell_carcinoma	SCLC	MSS/MSI-L	D/F12	Suspension	688014
NCI-H2196	NCI-H2196	Y	Y	Y	Y	Y	lung_SCLC	lung_small_cell_carcinoma	SCLC	MSS/MSI-L	R	Adherent	908481
NCI-H2227	NCI-H2227	Y	Y	Y	Y	Y	lung_SCLC	lung_small_cell_carcinoma	SCLC	MSS/MSI-L	R	Semi-Adherent	688018
NCI-H250	NCI-H250	Y	Y	Y	Y	Y	lung_SCLC	lung_small_cell_carcinoma	SCLC	MSS/MSI-L	R	Suspension	924241
NCI-H345	NCI-H345	Y	Y	Y	Y	Y	lung_SCLC	lung_small_cell_carcinoma	SCLC	MSS/MSI-L	D/F12	Suspension	688021
NCI-H378	NCI-H378	Y	Y	Y	Y	Y	lung_SCLC	lung_small_cell_carcinoma	SCLC	MSS/MSI-L	R	Suspension	688022
NCI-H446	NCI-H446	Y	Y	Y	Y	Y	lung_SCLC	lung_small_cell_carcinoma	SCLC	MSS/MSI-L	R	Semi-Adherent	688023
NCI-H510A	NCI-H510A	Y	Y	Y	Y	Y	lung_SCLC	lung_small_cell_carcinoma	SCLC	MSS/MSI-L	D/F12	Semi-Adherent	753605
NCI-H524	NCI-H524	Y	Y	Y	Y	Y	lung_SCLC	lung_small_cell_carcinoma	SCLC	MSS/MSI-L	R	Suspension	908483
NCI-H526	NCI-H526	Y	Y	Y	Y	Y	lung_SCLC	lung_small_cell_carcinoma	SCLC	MSS/MSI-L	R	Suspension	688025
NCI-H64	NCI-H64	Y	Y	Y	Y	Y	lung_SCLC	lung_small_cell_carcinoma	SCLC	MSS/MSI-L	R	Suspension	688026
NCI-H69	NCI-H69	Y	Y	Y	Y	Y	lung_SCLC	lung_small_cell_carcinoma	SCLC	MSS/MSI-L	R	Suspension	688027
NCI-H748	NCI-H748	Y	Y	Y	Y	Y	lung_SCLC	lung_small_cell_carcinoma	SCLC	MSS/MSI-L	R	Suspension	909194
NCI-H82	NCI-H82	Y	Y	Y	Y	Y	lung_SCLC	lung_small_cell_carcinoma	SCLC	MSS/MSI-L	R	Suspension	688031
NCI-H841	NCI-H841	Y	Y	Y	Y	Y	lung_SCLC	lung_small_cell_carcinoma	SCLC	MSS/MSI-L	D/F12	Adherent	1240192
NCI-H847	NCI-H847	Y	Y	Y	Y	Y	lung_SCLC	lung_small_cell_carcinoma	SCLC	MSS/MSI-L	D/F12	Adherent	1240193
SBC-1	SBC-1	Y	Y	Y	Y	Y	lung_SCLC	lung_small_cell_carcinoma	SCLC	MSS/MSI-L	R	Suspension	713885
SBC-3	SBC-3	Y	Y	Y	Y	Y	lung_SCLC	lung_small_cell_carcinoma	SCLC	MSS/MSI-L	D/F12	Adherent	753610
SBC-5	SBC-5	Y	Y	Y	Y	Y	lung_SCLC	lung_small_cell_carcinoma	SCLC	MSS/MSI-L	D/F12	Adherent	713880
H2369	H2369	Y	Y	Y	Y	Y	lung	mesothelioma	MESO	MSS/MSI-L	R	Adherent	1290808
H2373	H2373	Y	Y	Y	Y	Y	lung	mesothelioma	MESO	MSS/MSI-L	R	Adherent	1290809
H2461	H2461	Y	Y	Y	Y	Y	lung	mesothelioma	MESO	MSS/MSI-L	R	Adherent	1290810
H2591	H2591	Y	Y	Y	Y	Y	lung	mesothelioma	MESO	MSS/MSI-L	R	Adherent	1240131
H2595	H2595	Y	Y	Y	Y	Y	lung	mesothelioma	MESO	MSS/MSI-L	R	Adherent	1240132
H2722	H2722	Y	Y	Y	Y	Y	lung	mesothelioma	MESO	MSS/MSI-L	R	Adherent	1290812
H2731	H2731	Y	Y	Y	Y	Y	lung	mesothelioma	MESO	MSS/MSI-L	R	Adherent	1240134
H2795	H2795	Y	Y	Y	Y	Y	lung	mesothelioma	MESO	MSS/MSI-L	R	Adherent	1290813
H2803	H2803	Y	Y	Y	Y	Y	lung	mesothelioma	MESO	MSS/MSI-L	R	Adherent	1240135
H2804	H2804	Y	Y	Y	Y	Y	lung	mesothelioma	MESO	MSS/MSI-L	R	Adherent	1240136
H2810	H2810	Y	Y	Y	Y	Y	lung	mesothelioma	MESO	MSS/MSI-L	R	Adherent	1240137
H2818	H2818	Y	Y	Y	Y	Y	lung	mesothelioma	MESO	MSS/MSI-L	R	Adherent	1290814
H2869	H2869	Y	Y	Y	Y	Y	lung	mesothelioma	MESO	MSS/MSI-L	R	Adherent	1240138
H290	H290	Y	Y	Y	Y	Y	lung	mesothelioma	MESO	MSS/MSI-L	R	Adherent	1240139
H513	H513	Y	Y	Y	Y	Y	lung	mesothelioma	MESO	MSS/MSI-L	R	Semi-Adherent	1240141
IST-MES1	IST-MES1	Y	Y	Y	Y	Y	lung	mesothelioma	MESO	MSS/MSI-L	D/F12	Adherent	907173
MPP-89	MPP-89	Y	Y	Y	Y	Y	lung	mesothelioma	MESO	MSS/MSI-L	D/F12	Adherent	908150
MSTO-211H	MSTO-211H	Y	Y	Y	Y	Y	lung	mesothelioma	MESO	MSS/MSI-L	R	Adherent	908152
NCI-H2052	NCI-H2052	Y	Y	Y	Y	Y	lung	mesothelioma	MESO	MSS/MSI-L	R	Adherent	688058
NCI-H2452	NCI-H2452	Y	Y	Y	Y	Y	lung	mesothelioma	MESO	MSS/MSI-L	R	Adherent	908462
NCI-H28	NCI-H28	Y	Y	Y	Y	Y	lung	mesothelioma	MESO	MSS/MSI-L	R	Adherent	908470
42-MG-BA	42-MG-BA	Y	Y	Y	Y	Y	nervous_system	glioma	GBM	MSS/MSI-L	R	Adherent	687561
8-MG-BA	8-MG-BA	Y	Y	Y	Y	Y	nervous_system	glioma	GBM	MSS/MSI-L	D/F12	Adherent	687562
A172	A172	Y	Y	Y	Y	Y	nervous_system	glioma	GBM	MSS/MSI-L	D/F12	Adherent	687563
AM-38	AM-38	Y	Y	Y	Y	Y	nervous_system	glioma	GBM	MSS/MSI-L	D/F12	Semi-Adherent	910933
BECKER	Becker	Y	Y	Y	Y	Y	nervous_system	glioma	GBM	MSS/MSI-L	D/F12	Adherent	906746
CAS-1	CAS-1	Y	Y	Y	Y	Y	nervous_system	glioma	GBM	MSS/MSI-L	D/F12	Adherent	910943
CCF-STTG1	CCF-STTG1	Y	Y	Y	Y	Y	nervous_system	glioma	GBM	MSS/MSI-L	R	Adherent	906823
D-247MG	D-247MG	Y	Y	Y	Y	Y	nervous_system	glioma	GBM	MSS/MSI-L	D/F12	Adherent	946367
D-263MG	D-263MG	Y	Y	Y	Y	Y	nervous_system	glioma	GBM	MSS/MSI-L	D/F12	Adherent	946368
D-336MG	D-336MG	Y	Y	Y	Y	Y	nervous_system	glioma	LGG	MSS/MSI-L	D/F12	Adherent	946369
D-392MG	D-392MG	Y	Y	Y	Y	Y	nervous_system	glioma	GBM	MSS/MSI-L	D/F12	Adherent	946370
D-502MG	D-502MG	Y	Y	Y	Y	Y	nervous_system	glioma	LGG	MSS/MSI-L	D/F12	Adherent	946373
D-542MG	D-542MG	Y	Y	Y	Y	Y	nervous_system	glioma	GBM	MSS/MSI-L	D/F12	Adherent	753549
D-566MG	D-566MG	Y	Y	Y	Y	Y	nervous_system	glioma	GBM	MSS/MSI-L	D/F12	Adherent	946377
DBTRG-05MG	DBTRG-05MG	Y	Y	Y	Y	Y	nervous_system	glioma	GBM	MSS/MSI-L	R	Adherent	906835
DK-MG	DK-MG	Y	Y	Y	Y	Y	nervous_system	glioma	GBM	MSS/MSI-L	R	Adherent	906839
GAMG	GAMG	Y	Y	Y	Y	Y	nervous_system	glioma	LGG	MSS/MSI-L	D/F12	Adherent	906868
GB-1	GB-1	Y	Y	Y	Y	Y	nervous_system	glioma	GBM	MSS/MSI-L	D/F12	Adherent	687568
GI-1	GI-1	Y	Y	Y	Y	Y	nervous_system	glioma	LGG	MSS/MSI-L	D/F12	Adherent	906871
GMS-10	GMS-10	Y	Y	Y	Y	Y	nervous_system	glioma	GBM	MSS/MSI-L	D/F12	Adherent	906873
H4	H4	Y	Y	Y	Y	Y	nervous_system	glioma	LGG	MSS/MSI-L	D/F12	Adherent	907042
HS683	Hs683	Y	Y	Y	Y	Y	nervous_system	glioma	LGG	MSS/MSI-L	D/F12	Adherent	1240150
KALS-1	KALS-1	Y	Y	Y	Y	Y	nervous_system	glioma	LGG	MSS/MSI-L	R	Adherent	907271
KINGS-1	KINGS-1	Y	Y	Y	Y	Y	nervous_system	glioma	LGG	MSS/MSI-L	R	Adherent	907279
KNS-42	KNS-42	Y	Y	Y	Y	Y	nervous_system	glioma	LGG	MSS/MSI-L	D/F12	Adherent	907282
KNS-81-FD	KNS-81-FD	Y	Y	Y	Y	Y	nervous_system	glioma	LGG	MSS/MSI-L	D/F12	Adherent	924188
KS-1	KS-1	Y	Y	Y	Y	Y	nervous_system	glioma	GBM	MSS/MSI-L	D/F12	Adherent	907313
LN-18	LN-18	Y	Y	Y	Y	Y	nervous_system	glioma	GBM	MSS/MSI-L	D/F12	Adherent	1240168
LN-229	LN-229	Y	Y	Y	Y	Y	nervous_system	glioma	GBM	MSS/MSI-L	D/F12	Adherent	1240169
LN-405	LN-405	Y	Y	Y	Y	Y	nervous_system	glioma	GBM	MSS/MSI-L	D/F12	Adherent	910694
LNZTA3WT4	LNZTA3WT4	Y	Y	Y	Y	Y	nervous_system	glioma	GBM	MSS/MSI-L	D/F12	Adherent	1240170
M059J	M059J	Y	Y	Y	Y	Y	nervous_system	glioma	GBM	MSS/MSI-L	D/F12	Adherent	949094
MOG-G-CCM	MOG-G-CCM	Y	Y	Y	Y	Y	nervous_system	glioma	LGG	MSS/MSI-L	D/F12	Adherent	908144
MOG-G-UVW	MOG-G-UVW	Y	Y	Y	Y	Y	nervous_system	glioma	LGG	MSS/MSI-L	D/F12	Adherent	908145
NMC-G1	NMC-G1	Y	Y	Y	Y	Y	nervous_system	glioma	LGG	MSS/MSI-L	D/F12	Adherent	908449
NO-10	no-10	Y	Y	Y	Y	Y	nervous_system	glioma	LGG	MSS/MSI-L	D/F12	Adherent	908452
NO-11	no-11	Y	Y	Y	Y	Y	nervous_system	glioma	LGG	MSS/MSI-L	D/F12	Adherent	908450
SF126	SF126	Y	Y	Y	Y	Y	nervous_system	glioma	GBM	MSS/MSI-L	D/F12	Adherent	909712
SF268	SF268	Y	Y	Y	Y	Y	nervous_system	glioma	GBM	MSS/MSI-L	R	Adherent	905986
SF295	SF295	Y	Y	Y	Y	Y	nervous_system	glioma	GBM	MSS/MSI-L	D/F12	Adherent	905985
SF539	SF539	Y	Y	Y	Y	Y	nervous_system	glioma	LGG	MSS/MSI-L	R	Adherent	905984
SK-MG-1	SK-MG-1	Y	Y	Y	Y	Y	nervous_system	glioma	GBM	MSS/MSI-L	R	Adherent	909729
SNB75	SNB75	Y	Y	Y	Y	Y	nervous_system	glioma	GBM	MSS/MSI-L	R	Adherent	905982
SW1088	SW1088	Y	Y	Y	Y	Y	nervous_system	glioma	GBM	MSS/MSI-L	D/F12	Adherent	909745
SW1783	SW1783	Y	Y	Y	Y	Y	nervous_system	glioma	LGG	MSS/MSI-L	D/F12	Adherent	909750
T98G	T98G	Y	Y	Y	Y	Y	nervous_system	glioma	GBM	MSS/MSI-L	D/F12	Adherent	687586
U-118-MG	U-118-MG	Y	Y	Y	Y	Y	nervous_system	glioma	GBM	MSS/MSI-L	D/F12	Adherent	687588
U251	U251	Y	Y	Y	Y	Y	nervous_system	glioma	GBM	MSS/MSI-L	D/F12	Adherent	905983
U-87-MG	U-87-MG	Y	Y	Y	Y	Y	nervous_system	glioma	GBM	MSS/MSI-L	D/F12	Adherent	687590
YH-13	YH-13	Y	Y	Y	Y	Y	nervous_system	glioma	GBM	MSS/MSI-L	D/F12	Adherent	909905
YKG-1	YKG-1	Y	Y	Y	Y	Y	nervous_system	glioma	GBM	MSS/MSI-L	D/F12	Adherent	687592
D-283MED	D-283MED	Y	Y	Y	Y	Y	nervous_system	medulloblastoma	MB	MSS/MSI-L	D/F12	Adherent	906834
DAOY	Daoy	Y	Y	Y	Y	Y	nervous_system	medulloblastoma	MB	MSS/MSI-L	D/F12	Adherent	906833
ONS-76	ONS-76	Y	Y	Y	Y	Y	nervous_system	medulloblastoma	MB	MSS/MSI-L	R	Adherent	909248
PFSK-1	PFSK-1	Y	Y	Y	Y	Y	nervous_system	medulloblastoma	MB	MSS/MSI-L	R	Adherent	683667
BE2-M17	BE2-M17	Y	Y	Y	Y	Y	neuroblastoma	neuroblastoma	NB	MSS/MSI-L	D/F12	Adherent	753616
CHP-126	CHP-126	Y	Y	Y	Y	Y	neuroblastoma	neuroblastoma	NB	MSS/MSI-L	R	Suspension	910567
CHP-134	CHP-134	Y	Y	Y	Y	Y	neuroblastoma	neuroblastoma	NB	MSS/MSI-L	R	Suspension	910941
CHP-212	CHP-212	Y	Y	Y	Y	Y	neuroblastoma	neuroblastoma	NB	MSS/MSI-L	D/F12	Adherent	906820
GI-ME-N	GI-ME-N	Y	Y	Y	Y	Y	neuroblastoma	neuroblastoma	NB	MSS/MSI-L	R	Adherent	906872
GOTO	GOTO	Y	Y	Y	Y	Y	neuroblastoma	neuroblastoma	NB	MSS/MSI-L	R	Adherent	906875
IMR-5	IMR-5	Y	Y	Y	Y	Y	neuroblastoma	neuroblastoma	NB	MSS/MSI-L	R	Adherent	907170
KELLY	KELLY	Y	Y	Y	Y	Y	neuroblastoma	neuroblastoma	NB	MSS/MSI-L	R	Adherent	753618
KP-N-YN	KP-N-YN	Y	Y	Y	Y	Y	neuroblastoma	neuroblastoma	NB	MSS/MSI-L	R	Adherent	907314
LAN-6	LAN-6	Y	Y	Y	Y	Y	neuroblastoma	neuroblastoma	NB	MSS/MSI-L	R	Adherent	949170
MHH-NB-11	MHH-NB-11	Y	Y	Y	Y	Y	neuroblastoma	neuroblastoma	NB	MSS/MSI-L	R	Adherent	908135
NB1-10	NB(TU)1-10	Y	Y	Y	Y	Y	neuroblastoma	neuroblastoma	NB	MSS/MSI-L	R	Adherent	1240181
NB1	NB1	Y	Y	Y	Y	Y	neuroblastoma	neuroblastoma	NB	MSS/MSI-L	R	Semi-Adherent	949179
NB10	NB10	Y	Y	Y	Y	Y	neuroblastoma	neuroblastoma	NB	MSS/MSI-L	D/F12	Adherent	949171
NB12	NB12	Y	Y	Y	Y	Y	neuroblastoma	neuroblastoma	NB	MSS/MSI-L	D/F12	Adherent	949172
NB13	NB13	Y	Y	Y	Y	Y	neuroblastoma	neuroblastoma	NB	MSS/MSI-L	D/F12	Adherent	949177
NB14	NB14	Y	Y	Y	Y	Y	neuroblastoma	neuroblastoma	NB	MSS/MSI-L	D/F12	Adherent	949178
NB17	NB17	Y	Y	Y	Y	Y	neuroblastoma	neuroblastoma	NB	MSS/MSI-L	D/F12	Adherent	949175
NB5	NB5	Y	Y	Y	Y	Y	neuroblastoma	neuroblastoma	NB	MSS/MSI-L	D/F12	Adherent	949176
NB6	NB6	Y	Y	Y	Y	Y	neuroblastoma	neuroblastoma	NB	MSS/MSI-L	D/F12	Adherent	949173
NB69	NB69	Y	Y	Y	Y	Y	neuroblastoma	neuroblastoma	NB	MSS/MSI-L	D/F12	Adherent	908440
NB7	NB7	Y	Y	Y	Y	Y	neuroblastoma	neuroblastoma	NB	MSS/MSI-L	D/F12	Adherent	949174
NH-12	NH-12	Y	Y	Y	Y	Y	neuroblastoma	neuroblastoma	NB	MSS/MSI-L	D/F12	Adherent	908447
SIMA	SIMA	Y	Y	Y	Y	Y	neuroblastoma	neuroblastoma	NB	MSS/MSI-L	R	Adherent	753620
SK-N-AS	SK-N-AS	Y	Y	Y	Y	Y	neuroblastoma	neuroblastoma	NB	MSS/MSI-L	D/F12	Adherent	724828
SK-N-DZ	SK-N-DZ	Y	Y	Y	Y	Y	neuroblastoma	neuroblastoma	NB	MSS/MSI-L	D/F12	Adherent	688086
SK-N-FI	SK-N-FI	Y	Y	Y	Y	Y	neuroblastoma	neuroblastoma	NB	MSS/MSI-L	D/F12	Adherent	688087
SK-N-SH	SK-N-SH	Y	Y	Y	Y	Y	neuroblastoma	neuroblastoma	NB	MSS/MSI-L	D/F12	Adherent	717431
TGW	TGW	Y	Y	Y	Y	Y	neuroblastoma	neuroblastoma	NB	MSS/MSI-L	D/F12	Adherent	910780
ASPC-1	AsPC-1	Y	Y	Y	Y	Y	pancreas	pancreas	PAAD	MSS/MSI-L	R	Adherent	910702
BXPC-3	BxPC-3	Y	Y	Y	Y	Y	pancreas	pancreas	PAAD	MSS/MSI-L	R	Adherent	906693
CAPAN-1	CAPAN-1	Y	Y	Y	Y	Y	pancreas	pancreas	PAAD	MSS/MSI-L	D/F12	Adherent	753624
CAPAN-2	Capan-2	Y	Y	Y	Y	Y	pancreas	pancreas	PAAD	MSS/MSI-L	R	Adherent	910915
CFPAC-1	CFPAC-1	Y	Y	Y	Y	Y	pancreas	pancreas	PAAD	MSS/MSI-L	R	Adherent	906821
DAN-G	DAN-G	Y	Y	Y	Y	Y	pancreas	pancreas	PAAD	MSS/MSI-L	R	Adherent	1290797
HPAC	HPAC	Y	Y	Y	Y	Y	pancreas	pancreas	PAAD	MSS/MSI-L	D/F12	Adherent	1298136
HPAF-II	HPAF-II	Y	Y	Y	Y	Y	pancreas	pancreas	PAAD	MSS/MSI-L	D/F12	Adherent	724869
HS766T	Hs766T	Y	Y	Y	Y	Y	pancreas	pancreas	PAAD	MSS/MSI-L	D/F12	Adherent	1298141
HUP-T3	HuP-T3	Y	Y	Y	Y	Y	pancreas	pancreas	PAAD	MSS/MSI-L	R	Adherent	907285
HUP-T4	HuP-T4	Y	Y	Y	Y	Y	pancreas	pancreas	PAAD	MSS/MSI-L	D/F12	Adherent	907286
KP-1N	KP-1N	Y	Y	Y	Y	Y	pancreas	pancreas	PAAD	MSS/MSI-L	R	Adherent	1298216
KP-3	KP-3	Y	Y	Y	Y	Y	pancreas	pancreas	UNABLE TO CLASSIFY	MSS/MSI-L	R	Adherent	1298219
KP-4	KP-4	Y	Y	Y	Y	Y	pancreas	pancreas	PAAD	MSS/MSI-L	D/F12	Adherent	753572
MIA-PACA-2	MIA-PaCa-2	Y	Y	Y	Y	Y	pancreas	pancreas	PAAD	MSS/MSI-L	D/F12	Adherent	724870
MZ1-PC	MZ1-PC	Y	Y	Y	Y	Y	pancreas	pancreas	PAAD	MSS/MSI-L	R	Adherent	753595
PANC-02-03	PANC-02-03	Y	Y	Y	Y	Y	pancreas	pancreas	PAAD	MSS/MSI-L	R	Adherent	1298475
PANC-03-27	PANC-03-27	Y	Y	Y	Y	Y	pancreas	pancreas	PAAD	MSS/MSI-L	R	Adherent	925346
PANC-04-03	PANC-04-03	Y	Y	Y	Y	Y	pancreas	pancreas	PAAD	MSS/MSI-L	R	Adherent	1298476
PANC-08-13	PANC-08-13	Y	Y	Y	Y	Y	pancreas	pancreas	PAAD	MSS/MSI-L	R	Adherent	925347
PANC-10-05	PANC-10-05	Y	Y	Y	Y	Y	pancreas	pancreas	PAAD	MSS/MSI-L	R	Adherent	925348
PA-TU-8902	PA-TU-8902	Y	Y	Y	Y	Y	pancreas	pancreas	PAAD	MSS/MSI-L	D/F12	Adherent	1298526
PA-TU-8988T	PA-TU-8988T	Y	Y	Y	Y	Y	pancreas	pancreas	PAAD	MSS/MSI-L	D/F12	Adherent	1240201
PL18	PL18	Y	Y	Y	Y	Y	pancreas	pancreas	PAAD	MSS/MSI-L	D/F12	Adherent	1240208
PL4	PL4	Y	Y	Y	Y	Y	pancreas	pancreas	PAAD	MSS/MSI-L	D/F12	Adherent	1298533
PSN1	PSN1	Y	Y	Y	Y	Y	pancreas	pancreas	PAAD	MSS/MSI-L	R	Adherent	910546
QGP-1	QGP-1	Y	Y	Y	Y	Y	pancreas	pancreas	NA	MSS/MSI-L	R	Adherent	1298534
SU8686	SU8686	Y	Y	Y	Y	Y	pancreas	pancreas	PAAD	MSS/MSI-L	R	Adherent	1240218
SUIT-2	SUIT-2	Y	Y	Y	Y	Y	pancreas	pancreas	PAAD	MSS/MSI-L	R	Adherent	1240219
SW1990	SW1990	Y	Y	Y	Y	Y	pancreas	pancreas	PAAD	MSS/MSI-L	D/F12	Adherent	910907
YAPC	YAPC	Y	Y	Y	Y	Y	pancreas	pancreas	PAAD	MSS/MSI-L	R	Adherent	909904
451LU	451Lu	Y	Y	Y	Y	Y	skin	melanoma	SKCM	MSS/MSI-L	D/F12	Adherent	1287706
A101D	A101D	Y	Y	Y	Y	Y	skin	melanoma	SKCM	MSS/MSI-L	D/F12	Adherent	910921
A2058	A2058	Y	Y	Y	Y	Y	skin	melanoma	SKCM	MSS/MSI-L	D/F12	Adherent	906792
A375	A375	Y	Y	Y	Y	Y	skin	melanoma	SKCM	MSS/MSI-L	D/F12	Adherent	906793
C32	C32	Y	Y	Y	Y	Y	skin	melanoma	SKCM	MSS/MSI-L	D/F12	Adherent	906830
CHL-1	CHL-1	Y	Y	Y	Y	Y	skin	melanoma	SKCM	MSS/MSI-L	D/F12	Adherent	910853
COLO-679	COLO-679	Y	Y	Y	Y	Y	skin	melanoma	SKCM	MSS/MSI-L	R	Adherent	906818
COLO-792	COLO-792	Y	Y	Y	Y	Y	skin	melanoma	SKCM	MSS/MSI-L	R	Adherent	906814
COLO-800	COLO-800	Y	Y	Y	Y	Y	skin	melanoma	SKCM	MSS/MSI-L	R	Adherent	906813
COLO-829	COLO-829	Y	Y	Y	Y	Y	skin	melanoma	SKCM	MSS/MSI-L	R	Adherent	687448
CP50-MEL-B	CP50-MEL-B	Y	Y	Y	Y	Y	skin	melanoma	SKCM	MSS/MSI-L	D/F12	Adherent	753545
CP66-MEL	CP66-MEL	Y	Y	Y	Y	Y	skin	melanoma	SKCM	MSS/MSI-L	D/F12	Adherent	753546
G-361	G-361	Y	Y	Y	Y	Y	skin	melanoma	SKCM	MSS/MSI-L	R	Adherent	906865
GAK	GAK	Y	Y	Y	Y	Y	skin	melanoma	SKCM	MSS/MSI-L	D/F12	Adherent	910932
G-MEL	G-MEL	Y	Y	Y	Y	Y	skin	melanoma	SKCM	MSS/MSI-L	D/F12	Adherent	1240130
HMV-II	HMV-II	Y	Y	Y	Y	Y	skin	melanoma	SKCM	MSS/MSI-L	R	Adherent	907058
HS940-T	Hs940-T	Y	Y	Y	Y	Y	skin	melanoma	SKCM	MSS/MSI-L	D/F12	Adherent	1298145
HT-144	HT-144	Y	Y	Y	Y	Y	skin	melanoma	SKCM	MSS/MSI-L	R	Adherent	907067
IGR-1	IGR-1	Y	Y	Y	Y	Y	skin	melanoma	SKCM	MSS/MSI-L	D/F12	Adherent	907169
IGR-37	IGR-37	Y	Y	Y	Y	Y	skin	melanoma	SKCM	MSS/MSI-L	D/F12	Adherent	1240153
IPC-298	IPC-298	Y	Y	Y	Y	Y	skin	melanoma	SKCM	MSS/MSI-L	R	Adherent	907171
IST-MEL1	IST-MEL1	Y	Y	Y	Y	Y	skin	melanoma	SKCM	MSS/MSI-L	R	Adherent	907172
LB2518-MEL	LB2518-MEL	Y	Y	Y	Y	Y	skin	melanoma	SKCM	MSS/MSI-L	D/F12	Adherent	753579
LB373-MEL-D	LB373-MEL-D	Y	Y	Y	Y	Y	skin	melanoma	SKCM	MSS/MSI-L	D/F12	Adherent	753581
LOXIMVI	LOXIMVI	Y	Y	Y	Y	Y	skin	melanoma	SKCM	MSS/MSI-L	R	Semi-Adherent	905974
M14	M14	Y	Y	Y	Y	Y	skin	melanoma	SKCM	MSS/MSI-L	R	Adherent	905975
MEL-HO	MEL-HO	Y	Y	Y	Y	Y	skin	melanoma	SKCM	MSS/MSI-L	R	Adherent	908124
MEL-JUSO	MEL-JUSO	Y	Y	Y	Y	Y	skin	melanoma	SKCM	MSS/MSI-L	R	Adherent	908125
MEWO	Mewo	Y	Y	Y	Y	Y	skin	melanoma	SKCM	MSS/MSI-L	R	Adherent	908128
MMAC-SF	MMAC-SF	Y	Y	Y	Y	Y	skin	melanoma	SKCM	MSS/MSI-L	D/F12	Adherent	925339
MZ2-MEL	MZ2-MEL	Y	Y	Y	Y	Y	skin	melanoma	SKCM	MSS/MSI-L	D/F12	Adherent	971777
MZ7-MEL	MZ7-mel	Y	Y	Y	Y	Y	skin	melanoma	SKCM	MSS/MSI-L	R	Adherent	753596
RPMI-7951	RPMI-7951	Y	Y	Y	Y	Y	skin	melanoma	SKCM	MSS/MSI-L	D/F12	Adherent	910903
RVH-421	RVH-421	Y	Y	Y	Y	Y	skin	melanoma	SKCM	MSS/MSI-L	R	Adherent	909706
SH-4	SH-4	Y	Y	Y	Y	Y	skin	melanoma	SKCM	MSS/MSI-L	D/F12	Adherent	909713
SK-MEL-1	SK-MEL-1	Y	Y	Y	Y	Y	skin	melanoma	SKCM	MSS/MSI-L	D/F12	Suspension	909723
SK-MEL-2	SK-MEL-2	Y	Y	Y	Y	Y	skin	melanoma	SKCM	MSI-H	R	Adherent	905955
SK-MEL-24	SK-MEL-24	Y	Y	Y	Y	Y	skin	melanoma	SKCM	MSS/MSI-L	D/F12	Adherent	909725
SK-MEL-28	SK-MEL-28	Y	Y	Y	Y	Y	skin	melanoma	SKCM	MSS/MSI-L	D/F12	Adherent	905954
SK-MEL-3	SK-MEL-3	Y	Y	Y	Y	Y	skin	melanoma	SKCM	MSS/MSI-L	R	Adherent	909724
SK-MEL-30	SK-MEL-30	Y	Y	Y	Y	Y	skin	melanoma	SKCM	MSS/MSI-L	R	Adherent	909726
SK-MEL-31	SK-MEL-31	Y	Y	Y	Y	Y	skin	melanoma	SKCM	MSS/MSI-L	D/F12	Adherent	909727
SK-MEL-5	SK-MEL-5	Y	Y	Y	Y	Y	skin	melanoma	SKCM	MSS/MSI-L	D/F12	Adherent	905956
UACC-257	UACC-257	Y	Y	Y	Y	Y	skin	melanoma	SKCM	MSS/MSI-L	R	Adherent	905977
UACC-62	UACC-62	Y	Y	Y	Y	Y	skin	melanoma	SKCM	MSS/MSI-L	D/F12	Adherent	905976
WM-115	WM-115	Y	Y	Y	Y	Y	skin	melanoma	SKCM	MSS/MSI-L	D/F12	Adherent	909784
WM1552C	WM1552C	Y	Y	Y	Y	Y	skin	melanoma	SKCM	MSS/MSI-L	R	Adherent	1299078
WM278	WM278	Y	Y	Y	Y	Y	skin	melanoma	SKCM	MSS/MSI-L	R	Adherent	1240226
WM35	WM35	Y	Y	Y	Y	Y	skin	melanoma	SKCM	MSS/MSI-L	R	Adherent	1299080
WM793B	WM793B	Y	Y	Y	Y	Y	skin	melanoma	SKCM	MSS/MSI-L	R	Adherent	1299081
A388	A388	Y	Y	Y	Y	Y	skin	skin_other	NA	MSS/MSI-L	D/F12	Adherent	910697
A431	A431	Y	Y	Y	Y	Y	skin	skin_other	NA	MSS/MSI-L	D/F12	Adherent	910925
DJM-1	DJM-1	Y	Y	Y	Y	Y	skin	skin_other	NA	MSS/MSI-L	D/F12	Adherent	906841
HT-1080	HT-1080	Y	Y	Y	Y	Y	soft_tissue	fibrosarcoma	NA	MSS/MSI-L	D/F12	Adherent	907064
SW684	SW684	Y	Y	Y	Y	Y	soft_tissue	fibrosarcoma	NA	MSS/MSI-L	D/F12	Adherent	909754
A204	A204	Y	Y	Y	Y	Y	soft_tissue	rhabdomyosarcoma	NA	MSS/MSI-L	R	Adherent	910784
A673	A673	Y	Y	Y	Y	Y	soft_tissue	rhabdomyosarcoma	NA	MSS/MSI-L	D/F12	Adherent	684052
KYM-1	KYM-1	Y	Y	Y	Y	Y	soft_tissue	rhabdomyosarcoma	NA	MSS/MSI-L	D/F12	Adherent	1240166
RD	RD	Y	Y	Y	Y	Y	soft_tissue	rhabdomyosarcoma	NA	MSS/MSI-L	D/F12	Adherent	909264
RH-1	RH-1	Y	Y	Y	Y	Y	soft_tissue	rhabdomyosarcoma	NA	MSS/MSI-L	R	Adherent	971773
RH-18	RH-18	Y	Y	Y	Y	Y	soft_tissue	rhabdomyosarcoma	NA	MSS/MSI-L	R	Adherent	971774
RH-41	RH-41	Y	Y	Y	Y	Y	soft_tissue	rhabdomyosarcoma	NA	MSS/MSI-L	R	Adherent	1240210
SJRH30	SJRH30	Y	Y	Y	Y	Y	soft_tissue	rhabdomyosarcoma	NA	MSS/MSI-L	R	Adherent	909716
TE-441-T	TE-441-T	Y	Y	Y	Y	Y	soft_tissue	rhabdomyosarcoma	NA	MSS/MSI-L	D/F12	Adherent	924248
G-402	G-402	Y	Y	Y	Y	Y	soft_tissue	soft_tissue_other	NA	MSS/MSI-L	R	Adherent	907298
GCT	GCT	Y	Y	Y	Y	Y	soft_tissue	soft_tissue_other	NA	MSS/MSI-L	R	Adherent	906999
MFH-INO	MFH-ino	Y	Y	Y	Y	Y	soft_tissue	soft_tissue_other	NA	MSS/MSI-L	D/F12	Adherent	925343
SK-LMS-1	SK-LMS-1	Y	Y	Y	Y	Y	soft_tissue	soft_tissue_other	NA	MSS/MSI-L	D/F12	Adherent	909720
SK-UT-1	SK-UT-1	Y	Y	Y	Y	Y	soft_tissue	soft_tissue_other	NA	MSI-H	D/F12	Adherent	909732
SW872	SW872	Y	Y	Y	Y	Y	soft_tissue	soft_tissue_other	NA	MSS/MSI-L	D/F12	Adherent	909756
SW982	SW982	Y	Y	Y	Y	Y	soft_tissue	soft_tissue_other	NA	MSS/MSI-L	D/F12	Adherent	909759
VA-ES-BJ	VA-ES-BJ	Y	Y	Y	Y	Y	soft_tissue	soft_tissue_other	NA	MSS/MSI-L	D/F12	Adherent	688121
8305C	8305C	Y	Y	Y	Y	Y	thyroid	thyroid	THCA	MSS/MSI-L	R	Adherent	906795
8505C	8505C	Y	Y	Y	Y	Y	thyroid	thyroid	THCA	MSS/MSI-L	R	Adherent	924102
ASH-3	ASH-3	Y	Y	Y	Y	Y	thyroid	thyroid	THCA	MSS/MSI-L	D/F12	Adherent	1290722
BCPAP	BCPAP	Y	Y	Y	Y	Y	thyroid	thyroid	THCA	MSS/MSI-L	R	Adherent	924104
BHT-101	BHT-101	Y	Y	Y	Y	Y	thyroid	thyroid	THCA	MSS/MSI-L	D/F12	Adherent	906696
CAL-62	CAL-62	Y	Y	Y	Y	Y	thyroid	thyroid	THCA	MSS/MSI-L	D/F12	Adherent	906828
CGTH-W-1	CGTH-W-1	Y	Y	Y	Y	Y	thyroid	thyroid	THCA	MSS/MSI-L	R	Adherent	910568
FTC-133	FTC-133	Y	Y	Y	Y	Y	thyroid	thyroid	THCA	MSS/MSI-L	D/F12	Adherent	906864
HTC-C3	HTC-C3	Y	Y	Y	Y	Y	thyroid	thyroid	THCA	MSS/MSI-L	D/F12	Adherent	924151
IHH-4	IHH-4	Y	Y	Y	Y	Y	thyroid	thyroid	THCA	MSS/MSI-L	D/F12	Semi-Adherent	1240154
K5	K5	Y	Y	Y	Y	Y	thyroid	thyroid	THCA	MSS/MSI-L	D/F12	Adherent	924238
ML-1	ML-1	Y	Y	Y	Y	Y	thyroid	thyroid	THCA	MSS/MSI-L	D/F12	Adherent	1240178
RO82-W-1	RO82-W-1	Y	Y	Y	Y	Y	thyroid	thyroid	THCA	MSS/MSI-L	D/F12	Adherent	930083
TT	TT	Y	Y	Y	Y	Y	thyroid	thyroid	THCA	MSS/MSI-L	D/F12	Adherent	930299
TT2609-C02	TT2609-C02	Y	Y	Y	Y	Y	thyroid	thyroid	THCA	MSS/MSI-L	R	Adherent	1240223
5637	5637	Y	Y	Y	Y	Y	urogenital_system	Bladder	BLCA	MSS/MSI-L	R	Adherent	687452
639-V	639-V	Y	Y	Y	Y	Y	urogenital_system	Bladder	BLCA	MSS/MSI-L	D/F12	Adherent	906798
647-V	647-V	Y	Y	Y	Y	Y	urogenital_system	Bladder	BLCA	MSS/MSI-L	D/F12	Adherent	906797
BFTC-905	BFTC-905	Y	Y	Y	Y	Y	urogenital_system	Bladder	BLCA	MSS/MSI-L	D/F12	Adherent	910926
CAL-29	CAL-29	Y	Y	Y	Y	Y	urogenital_system	Bladder	BLCA	MSS/MSI-L	D/F12	Adherent	1290730
DSH1	DSH1	Y	Y	Y	Y	Y	urogenital_system	Bladder	BLCA	MSS/MSI-L	R	Adherent	753552
HT-1197	HT-1197	Y	Y	Y	Y	Y	urogenital_system	Bladder	BLCA	MSS/MSI-L	D/F12	Adherent	907065
HT-1376	HT-1376	Y	Y	Y	Y	Y	urogenital_system	Bladder	BLCA	MSS/MSI-L	D/F12	Adherent	907066
J82	J82	Y	Y	Y	Y	Y	urogenital_system	Bladder	BLCA	MSS/MSI-L	D/F12	Adherent	753566
KU-19-19	KU-19-19	Y	Y	Y	Y	Y	urogenital_system	Bladder	BLCA	MSS/MSI-L	R	Adherent	907312
LB831-BLC	LB831-BLC	Y	Y	Y	Y	Y	urogenital_system	Bladder	BLCA	MSS/MSI-L	D/F12	Adherent	753584
RT-112	RT-112	Y	Y	Y	Y	Y	urogenital_system	Bladder	BLCA	MSS/MSI-L	R	Adherent	909704
RT4	RT4	Y	Y	Y	Y	Y	urogenital_system	Bladder	BLCA	MSS/MSI-L	D/F12	Adherent	687455
SW1710	SW1710	Y	Y	Y	Y	Y	urogenital_system	Bladder	BLCA	MSS/MSI-L	D/F12	Adherent	909749
SW780	SW780	Y	Y	Y	Y	Y	urogenital_system	Bladder	BLCA	MSS/MSI-L	D/F12	Adherent	687457
T-24	T-24	Y	Y	Y	Y	Y	urogenital_system	Bladder	BLCA	MSS/MSI-L	D/F12	Adherent	724812
TCCSUP	TCCSUP	Y	Y	Y	Y	Y	urogenital_system	Bladder	BLCA	MSS/MSI-L	D/F12	Adherent	687459
UM-UC-3	UM-UC-3	Y	Y	Y	Y	Y	urogenital_system	Bladder	BLCA	MSS/MSI-L	D/F12	Adherent	724838
VM-CUB-1	VM-CUB-1	Y	Y	Y	Y	Y	urogenital_system	Bladder	BLCA	MSS/MSI-L	D/F12	Adherent	909780
C-33-A	C-33-A	Y	Y	Y	Y	Y	urogenital_system	cervix	CESC	MSI-H	D/F12	Adherent	687505
C-4-I	C-4-I	Y	Y	Y	Y	Y	urogenital_system	cervix	CESC	MSS/MSI-L	D/F12	Adherent	687506
CAL-39	CAL-39	Y	Y	Y	Y	Y	urogenital_system	cervix	CESC	MSS/MSI-L	D/F12	Adherent	924107
CA-SKI	Ca-Ski	Y	Y	Y	Y	Y	urogenital_system	cervix	CESC	MSS/MSI-L	R	Adherent	906824
DOTC2-4510	DoTc2-4510	Y	Y	Y	Y	Y	urogenital_system	cervix	CESC	MSS/MSI-L	D/F12	Adherent	906843
HELA	HeLa	Y	Y	Y	Y	Y	urogenital_system	cervix	CESC	MSS/MSI-L	D/F12	Adherent	1298134
HT-3	HT-3	Y	Y	Y	Y	Y	urogenital_system	cervix	CESC	MSS/MSI-L	R	Adherent	907068
ME-180	ME-180	Y	Y	Y	Y	Y	urogenital_system	cervix	CESC	MSS/MSI-L	D/F12	Adherent	687514
MS751	MS751	Y	Y	Y	Y	Y	urogenital_system	cervix	CESC	MSS/MSI-L	D/F12	Adherent	1240179
SIHA	SiHa	Y	Y	Y	Y	Y	urogenital_system	cervix	CESC	MSS/MSI-L	D/F12	Adherent	930297
SISO	SISO	Y	Y	Y	Y	Y	urogenital_system	cervix	CESC	MSS/MSI-L	R	Adherent	1240212
SKG-IIIA	SKG-IIIa	Y	Y	Y	Y	Y	urogenital_system	cervix	CESC	MSS/MSI-L	D/F12	Adherent	930298
SW756	SW756	Y	Y	Y	Y	Y	urogenital_system	cervix	CESC	MSS/MSI-L	D/F12	Adherent	724839
TC-YIK	TC-YIK	Y	Y	Y	Y	Y	urogenital_system	cervix	NA	MSS/MSI-L	R	Suspension	946357
AN3-CA	AN3-CA	Y	Y	Y	Y	Y	urogenital_system	endometrium	UCEC	MSI-H	D/F12	Adherent	910781
COLO-684	COLO-684	Y	Y	Y	Y	Y	urogenital_system	endometrium	UCEC	MSI-H	R	Suspension	910691
EN	EN	Y	Y	Y	Y	Y	urogenital_system	endometrium	UCEC	MSS/MSI-L	R	Adherent	1240127
ESS-1	ESS-1	Y	Y	Y	Y	Y	urogenital_system	endometrium	NA	MSS/MSI-L	R	Adherent	907000
HEC-1	HEC-1	Y	Y	Y	Y	Y	urogenital_system	endometrium	UCEC	MSI-H	D/F12	Adherent	907051
KLE	KLE	Y	Y	Y	Y	Y	urogenital_system	endometrium	UCEC	MSS/MSI-L	D/F12	Adherent	924187
MFE-280	MFE-280	Y	Y	Y	Y	Y	urogenital_system	endometrium	UCEC	MSS/MSI-L	D/F12	Adherent	908129
MFE-296	MFE-296	Y	Y	Y	Y	Y	urogenital_system	endometrium	UCEC	MSI-H	D/F12	Adherent	908130
MFE-319	MFE-319	Y	Y	Y	Y	Y	urogenital_system	endometrium	UCEC	MSI-H	D/F12	Adherent	1240174
SNG-M	SNG-M	Y	Y	Y	Y	Y	urogenital_system	endometrium	UCEC	MSI-H	D/F12	Adherent	909735
A2780	A2780	Y	Y	Y	Y	Y	urogenital_system	ovary	UNABLE TO CLASSIFY	MSS/MSI-L	R	Semi-Adherent	906804
CAOV-4	Caov-4	Y	Y	Y	Y	Y	urogenital_system	ovary	OV	MSS/MSI-L	D/F12	Adherent	949090
EFO-21	EFO-21	Y	Y	Y	Y	Y	urogenital_system	ovary	OV	MSS/MSI-L	R	Adherent	911905
EFO-27	EFO-27	Y	Y	Y	Y	Y	urogenital_system	ovary	NA	MSI-H	R	Adherent	906852
ES-2	ES-2	Y	Y	Y	Y	Y	urogenital_system	ovary	NA	MSS/MSI-L	R	Adherent	1240128
FU-OV-1	FU-OV-1	Y	Y	Y	Y	Y	urogenital_system	ovary	OV	MSS/MSI-L	D/F12	Adherent	1240129
IGROV-1	IGROV-1	Y	Y	Y	Y	Y	urogenital_system	ovary	OV	MSI-H	R	Adherent	905968
JHOS-2	JHOS-2	Y	Y	Y	Y	Y	urogenital_system	ovary	OV	MSS/MSI-L	D/F12	Adherent	1479995
JHOS-3	JHOS-3	Y	Y	Y	Y	Y	urogenital_system	ovary	OV	MSS/MSI-L	D/F12	Adherent	1480358
JHOS-4	JHOS-4	Y	Y	Y	Y	Y	urogenital_system	ovary	OV	MSS/MSI-L	D/F12	Adherent	1480359
KGN	KGN	Y	Y	Y	Y	Y	urogenital_system	ovary	NA	MSS/MSI-L	D/F12	Adherent	924186
KURAMOCHI	KURAMOCHI	Y	Y	Y	Y	Y	urogenital_system	ovary	UNABLE TO CLASSIFY	MSS/MSI-L	R	Adherent	909975
OAW-28	OAW-28	Y	Y	Y	Y	Y	urogenital_system	ovary	OV	MSS/MSI-L	D/F12	Adherent	946360
OAW-42	OAW-42	Y	Y	Y	Y	Y	urogenital_system	ovary	OV	MSS/MSI-L	D/F12	Adherent	910548
OC-314	OC-314	Y	Y	Y	Y	Y	urogenital_system	ovary	OV	MSI-H	R	Adherent	909257
OV-17R	OV-17R	Y	Y	Y	Y	Y	urogenital_system	ovary	OV	MSS/MSI-L	D/F12	Adherent	1480361
OV-56	OV-56	Y	Y	Y	Y	Y	urogenital_system	ovary	OV	MSS/MSI-L	D/F12	Adherent	1480362
OV-7	OV-7	Y	Y	Y	Y	Y	urogenital_system	ovary	OV	MSS/MSI-L	D/F12	Adherent	1480360
OV-90	OV-90	Y	Y	Y	Y	Y	urogenital_system	ovary	OV	MSS/MSI-L	D/F12	Adherent	1240197
OVCA420	OVCA420	Y	Y	Y	Y	Y	urogenital_system	ovary	OV	MSS/MSI-L	D/F12	Adherent	1480364
OVCAR-3	OVCAR-3	Y	Y	Y	Y	Y	urogenital_system	ovary	OV	MSS/MSI-L	R	Adherent	905933
OVCAR-4	OVCAR-4	Y	Y	Y	Y	Y	urogenital_system	ovary	OV	MSS/MSI-L	R	Adherent	905990
OVCAR-5	OVCAR-5	Y	Y	Y	Y	Y	urogenital_system	ovary	OV	MSS/MSI-L	R	Adherent	905969
OVCAR-8	OVCAR-8	Y	Y	Y	Y	Y	urogenital_system	ovary	OV	MSS/MSI-L	R	Adherent	905991
OVISE	OVISE	Y	Y	Y	Y	Y	urogenital_system	ovary	OV	MSS/MSI-L	R	Adherent	1240198
OVK-18	OVK-18	Y	Y	Y	Y	Y	urogenital_system	ovary	OV	MSI-H	D/F12	Adherent	1480371
OVKATE	OVKATE	Y	Y	Y	Y	Y	urogenital_system	ovary	OV	MSS/MSI-L	R	Adherent	1240199
OVMIU	OVMIU	Y	Y	Y	Y	Y	urogenital_system	ovary	OV	MSS/MSI-L	R	Adherent	1240200
OVTOKO	OVTOKO	Y	Y	Y	Y	Y	urogenital_system	ovary	OV	MSS/MSI-L	R	Adherent	1298365
PA-1	PA-1	Y	Y	Y	Y	Y	urogenital_system	ovary	NA	MSS/MSI-L	D/F12	Adherent	909255
PEO1	PEO1	Y	Y	Y	Y	Y	urogenital_system	ovary	OV	MSS/MSI-L	R	Adherent	1480372
RKN	RKN	Y	Y	Y	Y	Y	urogenital_system	ovary	NA	MSS/MSI-L	D/F12	Adherent	1298539
RMG-I	RMG-I	Y	Y	Y	Y	Y	urogenital_system	ovary	NA	MSS/MSI-L	D/F12	Adherent	909699
SK-OV-3	SK-OV-3	Y	Y	Y	Y	Y	urogenital_system	ovary	OV	MSI-H	R	Adherent	905959
SW626	SW626	Y	Y	Y	Y	Y	urogenital_system	ovary	OV	MSS/MSI-L	D/F12	Adherent	909753
TOV-112D	TOV-112D	Y	Y	Y	Y	Y	urogenital_system	ovary	OV	MSS/MSI-L	D/F12	Adherent	1299070
TOV-21G	TOV-21G	Y	Y	Y	Y	Y	urogenital_system	ovary	OV	MSI-H	D/F12	Adherent	1240222
TYK-NU	TYK-nu	Y	Y	Y	Y	Y	urogenital_system	ovary	UNABLE TO CLASSIFY	MSS/MSI-L	D/F12	Adherent	909774
UWB1.289	UWB1.289	Y	Y	Y	Y	Y	urogenital_system	ovary	OV	MSS/MSI-L	D/F12	Adherent	1480374
22RV1	22RV1	Y	Y	Y	Y	Y	urogenital_system	prostate	PRAD	MSI-H	R	Adherent	924100
BPH-1	BPH-1	Y	Y	Y	Y	Y	urogenital_system	prostate	NA	MSS/MSI-L	R	Adherent	924105
DU-145	DU-145	Y	Y	Y	Y	Y	urogenital_system	prostate	PRAD	MSI-H	D/F12	Adherent	905935
LNCAP-CLONE-FGC	LNCaP-Clone-FGC	Y	Y	Y	Y	Y	urogenital_system	prostate	PRAD	MSI-H	R	Adherent	907788
PC-3	PC-3	Y	Y	Y	Y	Y	urogenital_system	prostate	PRAD	MSS/MSI-L	D/F12	Adherent	905934
PWR-1E	PWR-1E	Y	Y	Y	Y	Y	urogenital_system	prostate	PRAD	MSS/MSI-L	D/F12	Adherent	1330993
VCAP	VCaP	Y	Y	Y	Y	Y	urogenital_system	prostate	PRAD	MSS/MSI-L	D/F12	Adherent	1299075
NCCIT	NCCIT	Y	Y	Y	Y	N	urogenital_system	testis	NA	MSS/MSI-L	R	Adherent	908441
NEC8	NEC8	Y	Y	Y	Y	Y	urogenital_system	testis	NA	MSS/MSI-L	R	Adherent	910942
NTERA-2CL.D1	NTERA-2 cl.D1	Y	Y	Y	Y	Y	urogenital_system	testis	NA	MSS/MSI-L	D/F12	Adherent	908454
JAR	JAR	Y	Y	Y	Y	Y	urogenital_system	urogenital_system_other	NA	MSS/MSI-L	R	Adherent	907175
JEG-3	JEG-3	Y	Y	Y	Y	Y	urogenital_system	urogenital_system_other	NA	MSS/MSI-L	D/F12	Adherent	907176
SW954	SW954	Y	Y	Y	Y	Y	urogenital_system	urogenital_system_other	NA	MSS/MSI-L	D/F12	Adherent	924247
SW962	SW962	Y	Y	Y	Y	Y	urogenital_system	urogenital_system_other	NA	MSS/MSI-L	D/F12	Adherent	909758
MES-SA	MES-SA	Y	Y	Y	Y	Y	urogenital_system	uterus	NA	MSS/MSI-L	R	Adherent	908127
SKN	SKN	Y	Y	Y	Y	Y	urogenital_system	uterus	NA	MSS/MSI-L	D/F12	Adherent	1240215
DMS-79	DMS-79	Y	Y	Y	Y	Y	lung_SCLC	lung_small_cell_carcinoma	SCLC	NA	R	Suspension	753551
CMK	CMK	Y	Y	Y	N	Y	leukemia	acute_myeloid_leukaemia	LAML	MSS/MSI-L	R	Suspension	910566
NB-4	NB-4	Y	Y	Y	N	Y	leukemia	acute_myeloid_leukaemia	LAML	MSS/MSI-L	R	Suspension	1323913
MHH-CALL-4	MHH-CALL-4	Y	Y	Y	Y	N	leukemia	B_cell_leukemia	NA	MSS/MSI-L	R	Suspension	908133
BC-3	BC-3	Y	Y	N	Y	Y	lymphoma	B_cell_lymphoma	DLBC	MSS/MSI-L	R	Suspension	910918
HT	HT	Y	Y	N	Y	Y	lymphoma	B_cell_lymphoma	DLBC	MSI-H	R	Suspension	907063
JM1	JM1	Y	Y	Y	N	Y	lymphoma	B_cell_lymphoma	DLBC	MSS/MSI-L	D/F12	Suspension	1327768
BONNA-12	BONNA-12	Y	Y	Y	Y	N	leukemia	hairy_cell_leukaemia	NA	MSS/MSI-L	R	Suspension	906695
ES6	ES6	Y	Y	Y	N	Y	bone	ewings_sarcoma	NA	MSS/MSI-L	R	Adherent	949157
MHH-ES-1	MHH-ES-1	Y	Y	N	Y	Y	bone	ewings_sarcoma	NA	MSS/MSI-L	R	Adherent	908134
DIFI	DIFI	Y	Y	N	Y	Y	large_intestine	large_intestine	COAD/READ	MSS/MSI-L	D/F12	Adherent	1789883
NCI-H508	NCI-H508	Y	Y	N	Y	Y	large_intestine	large_intestine	COAD/READ	MSS/MSI-L	R	Semi-Adherent	908442
SNU-283	SNU-283	Y	Y	Y	Y	N	large_intestine	large_intestine	COAD/READ	MSS/MSI-L	R	Adherent	1659929
SW620	SW620	Y	Y	Y	N	Y	large_intestine	large_intestine	COAD/READ	MSS/MSI-L	D/F12	Adherent	905962
JHH-2	JHH-2	Y	N	Y	Y	Y	digestive_system	liver	LIHC	MSS/MSI-L	D/F12	Adherent	1240157
JHH-4	JHH-4	Y	N	Y	Y	Y	digestive_system	liver	LIHC	MSS/MSI-L	D/F12	Adherent	1240158
RCC-JF	RCC-JF	Y	Y	Y	N	Y	kidney	kidney	KIRC	MSS/MSI-L	D/F12	Adherent	1524415
SW156	SW156	Y	N	Y	Y	Y	kidney	kidney	KIRC	MSS/MSI-L	D/F12	Adherent	1240220
HOP-62	HOP-62	Y	Y	Y	N	Y	lung_NSCLC	lung_NSCLC_adenocarcinoma	LUAD	MSS/MSI-L	R	Adherent	905972
NCI-H1437	NCI-H1437	Y	Y	N	Y	Y	lung_NSCLC	lung_NSCLC_adenocarcinoma	LUAD	MSS/MSI-L	R	Adherent	687794
PC-3	PC-3 [JPC-3]	Y	Y	Y	N	Y	lung_NSCLC	lung_NSCLC_adenocarcinoma	LUAD	MSS/MSI-L	D/F12	Adherent	1240202
NCI-H740	NCI-H740	Y	Y	Y	Y	N	lung_SCLC	lung_small_cell_carcinoma	SCLC	MSS/MSI-L	R	Suspension	1331055
COR-L95	COR-L95	Y	Y	Y	N	Y	lung_SCLC	lung_small_cell_carcinoma	SCLC	MSS/MSI-L	R	Adherent	1297439
HCC-33	HCC-33	Y	Y	N	Y	Y	lung_SCLC	lung_small_cell_carcinoma	SCLC	MSS/MSI-L	R	Adherent	1303901
NCI-H128	NCI-H128	Y	Y	N	Y	Y	lung_SCLC	lung_small_cell_carcinoma	SCLC	MSS/MSI-L	R	Suspension	753597
NCI-H1304	NCI-H1304	Y	Y	Y	N	Y	lung_SCLC	lung_small_cell_carcinoma	SCLC	MSS/MSI-L	D/F12	Suspension	753599
NCI-H2081	NCI-H2081	Y	Y	N	Y	Y	lung_SCLC	lung_small_cell_carcinoma	SCLC	MSS/MSI-L	D/F12	Suspension	908480
NCI-H2171	NCI-H2171	Y	Y	N	Y	Y	lung_SCLC	lung_small_cell_carcinoma	SCLC	MSS/MSI-L	D/F12	Suspension	688015
SHP-77	SHP-77	Y	Y	Y	N	Y	lung_SCLC	lung_small_cell_carcinoma	SCLC	MSS/MSI-L	R	Semi-Adherent	724872
SW1271	SW1271	Y	Y	Y	N	Y	lung_SCLC	lung_small_cell_carcinoma	SCLC	MSS/MSI-L	D/F12	Adherent	1299062
D-423MG	D-423MG	Y	Y	Y	N	Y	nervous_system	glioma	GBM	MSS/MSI-L	D/F12	Adherent	946372
KP-N-RT-BM-1	KP-N-RT-BM-1	Y	Y	N	Y	Y	neuroblastoma	neuroblastoma	NB	MSS/MSI-L	R	Semi-Adherent	924189
KP-N-YS	KP-N-YS	Y	Y	N	Y	Y	neuroblastoma	neuroblastoma	NB	MSS/MSI-L	R	Adherent	946363
MC-IXC	MC-IXC	Y	Y	N	Y	Y	neuroblastoma	neuroblastoma	NB	MSS/MSI-L	D/F12	Adherent	908118
COLO-783	COLO-783	Y	Y	Y	N	Y	skin	melanoma	SKCM	MSS/MSI-L	R	Adherent	1240125
CP67-MEL	CP67-MEL	Y	Y	N	Y	Y	skin	melanoma	SKCM	MSS/MSI-L	D/F12	Adherent	949092
HS633T	Hs633T	Y	N	Y	Y	Y	soft_tissue	fibrosarcoma	NA	MSS/MSI-L	D/F12	Adherent	1240149
KMH-2	KMH-2	Y	Y	N	Y	Y	thyroid	thyroid	THCA	MSS/MSI-L	R	Adherent	1298167
OMC-1	OMC-1	Y	Y	N	Y	Y	urogenital_system	cervix	CESC	MSS/MSI-L	D/F12	Adherent	949154
RL95-2	RL95-2	Y	Y	Y	N	Y	urogenital_system	endometrium	NA	MSI-H	D/F12	Adherent	930082
CAOV-3	Caov-3	Y	Y	N	Y	Y	urogenital_system	ovary	OV	MSS/MSI-L	D/F12	Adherent	906825
DOV13	DOV13	Y	Y	Y	N	Y	urogenital_system	ovary	OV	MSS/MSI-L	D/F12	Adherent	1479987
HEY	Hey	Y	Y	Y	N	Y	urogenital_system	ovary	OV	MSS/MSI-L	R	Adherent	1479988
NCI-H660	NCI-H660	Y	Y	Y	Y	N	urogenital_system	prostate	NA	MSS/MSI-L	D/F12	Suspension	1330975
JHU-029	JHU-029	Y	Y	Y	N	Y	aero_dig_tract	head and neck	HNSC	NA	R	Adherent	1298156
SCC90	SCC90	Y	Y	Y	N	Y	aero_dig_tract	head and neck	HNSC	NA	R	Adherent	1299052
MOLM-16	MOLM-16	Y	Y	Y	N	Y	leukemia	acute_myeloid_leukaemia	LAML	NA	R	Suspension	1330948
OCI-LY7	OCI-LY7	Y	Y	Y	N	Y	lymphoma	B_cell_lymphoma	DLBC	NA	D/F12	Suspension	1659819
KMS-11	KMS-11	Y	Y	Y	N	Y	myeloma	myeloma	MM	NA	R	Suspension	1659817
CHSA0011	CHSA0011	Y	Y	Y	N	Y	bone	chondrosarcoma	NA	NA	R	Adherent	1290767
CHSA0108	CHSA0108	Y	Y	Y	N	Y	bone	chondrosarcoma	NA	NA	R	Adherent	1290768
JIMT-1	JIMT-1	Y	Y	Y	N	Y	breast	breast	BRCA	NA	D/F12	Adherent	1298157
CL-34	CL-34	Y	Y	Y	N	Y	large_intestine	large_intestine	COAD/READ	NA	D/F12	Adherent	1290771
VMRC-LCD	VMRC-LCD	Y	Y	Y	N	Y	lung_NSCLC	lung_NSCLC_adenocarcinoma	LUAD	NA	D/F12	Adherent	713869
K2	K2	Y	Y	Y	N	Y	skin	melanoma	SKCM	NA	D/F12	Adherent	1298160
STS-0421	STS-0421	Y	Y	Y	N	Y	soft_tissue	soft_tissue_other	NA	NA	R	Adherent	1299061
MY-M12	MY-M12	Y	Y	N	N	Y	leukemia	leukemia	ALL	MSS/MSI-L	R	Suspension	1330960
TALL-1	TALL-1	Y	Y	N	N	Y	leukemia	lymphoblastic_T_cell_leukaemia	ALL	MSS/MSI-L	R	Suspension	909762
NK-92MI	NK-92MI	Y	Y	N	N	Y	lymphoma	lymphoid_neoplasm other	NA	MSS/MSI-L	D/F12	Suspension	1330981
MDA-MB-175-VII	MDA-MB-175-VII	Y	Y	N	N	Y	breast	breast	BRCA	MSS/MSI-L	D/F12	Adherent	908120
YMB-1-E	YMB-1-E	Y	Y	N	N	Y	breast	breast	BRCA	MSS/MSI-L	R	Adherent	1303911
VMRC-RCW	VMRC-RCW	Y	Y	N	N	Y	kidney	kidney	KIRC	MSS/MSI-L	R	Adherent	1240224
NCI-H460	NCI-H460	Y	Y	N	N	Y	lung_NSCLC	lung_NSCLC_large cell	NA	MSS/MSI-L	R	Adherent	905943
RERF-LC-FM	RERF-LC-FM	Y	Y	N	Y	N	lung_SCLC	lung_small_cell_carcinoma	SCLC	MSS/MSI-L	R	Suspension	930081
D-245MG	D-245MG	Y	Y	N	Y	N	nervous_system	glioma	GBM	MSS/MSI-L	D/F12	Adherent	946366
HS939-T	Hs939-T	Y	Y	N	N	Y	skin	melanoma	SKCM	MSS/MSI-L	D/F12	Adherent	1298144
VMRC-MELG	VMRC-MELG	Y	Y	N	N	Y	skin	melanoma	SKCM	MSS/MSI-L	D/F12	Adherent	930301
OVCA433	OVCA433	Y	Y	N	N	Y	urogenital_system	ovary	OV	MSS/MSI-L	D/F12	Adherent	1480367
TMK-1	TMK-1	Y	Y	N	N	Y	digestive_system	stomach	STAD	NA	R	Adherent	1299069
KP-2	KP-2	Y	N	Y	N	Y	pancreas	pancreas	PAAD	NA	D/F12	Adherent	1298218
KO52	KO52	Y	Y	N	N	N	leukemia	acute_myeloid_leukaemia	LAML	MSS/MSI-L	D/F12	NA	1330932
SC-1	SC-1	Y	Y	N	N	N	lymphoma	B_cell_lymphoma	DLBC	MSS/MSI-L	R	NA	1331030
U-CH2	U-CH2	Y	Y	N	N	N	bone	bone_other	NA	MSS/MSI-L	D/F12	Adherent	1503373
