GDSC.treatmentid	GDSC.DRUG_ID	GDSC.SCREENING_SITE	GDSC.DRUG_NAME	GDSC.SYNONYMS	GDSC.TARGET	GDSC.TARGET_PATHWAY
ERLOTINIB	1	MGH	Erlotinib	Tarceva, RG-1415, CP-358774, OSI-774, Ro-508231, R-1415	EGFR	EGFR signaling
RAPAMYCIN	3	MGH	Rapamycin	AY-22989, Sirolimus, WY-090217, Torisel, Rapamune	MTORC1	PI3K/MTOR signaling
SUNITINIB	5	MGH	Sunitinib	Sutent, Sunitinib Malate, SU-11248	PDGFR, KIT, VEGFR, FLT3, RET, CSF1R	RTK signaling
PHA665752	6	MGH	PHA-665752	PHA665752, PHA 665752	MET	RTK signaling
MG132	9	MGH	MG-132	LLL cpd, MG 132, MG132	Proteasome, CAPN1	Protein stability and degradation
PACLITAXEL	11	MGH	Paclitaxel	BMS-181339-01, Taxol, Onxol, Paxene, Praxel, Abraxane	Microtubule stabiliser	Mitosis
CYCLOPAMINE	17	MGH	Cyclopamine		SMO	Other
AZ628	29	MGH	AZ628	AZ-628, AZ 628	BRAF	ERK MAPK signaling
SORAFENIB	30	MGH	Sorafenib	Nexavar, 284461-73-0, BAY 43-9006	PDGFR, KIT, VEGFR, RAF	RTK signaling
TOZASERTIB	32	MGH	Tozasertib	MK 0457,MK-0457,MK-045, VX-680 VX 680 VX-68	AURKA, AURKB, AURKC, others	Mitosis
IMATINIB	34	MGH	Imatinib	Gleevec, STI-571	ABL, KIT, PDGFR	Other, kinases
NVPTAE684	35	MGH	NVP-TAE684	NVP-TAE 684, TAE684, TAE-684	ALK	RTK signaling
CRIZOTINIB	37	MGH	Crizotinib	Xalkori, PF2341066, PF-2341066, PF 2341066	MET, ALK, ROS1	RTK signaling
SARACATINIB	38	MGH	Saracatinib	AZD0530, AZD-0530, AZ-10353926	ABL, SRC	Other, kinases
STRITYLLCYSTEINE	41	MGH	S-Trityl-L-cysteine	NSC 83265, Tritylcysteine	KIF11	Mitosis
ZLLNLECHO	45	MGH	Z-LLNle-CHO	Z-L-Norleucine-CHO, Gamma-Secretase Inhibitor 1	gamma-secretase	Other
DASATINIB	51	MGH	Dasatinib	BMS-354825-03, BMS-354825, Sprycel	ABL, SRC, Ephrins, PDGFR, KIT	RTK signaling
GNF2	52	MGH	GNF-2	KIN001-013	BCR-ABL	ABL signaling
CGP60474	53	MGH	CGP-60474	KIN001-019, CGP60474, CGP 60474	CDK1,CDK2,CDK5,CDK7,CDK9, PKC	Cell cycle
CGP082996	54	MGH	CGP-082996	CINK4, KIN001-021	CDK4	Cell cycle
A770041	55	MGH	A-770041	KIN001-111	LCK, FYN	Other, kinases
WH4023	56	MGH	WH-4-023	KIN001-112	SRC, LCK	Other, kinases
WZ184	59	MGH	WZ-1-84	KIN001-123	BMX	Other, kinases
BI2536	60	MGH	BI-2536		PLK1, PLK2, PLK3	Cell cycle
BMS536924	62	MGH	BMS-536924	BMS 536924	IGF1R, IR	IGF1R signaling
BMS509744	63	MGH	BMS-509744	KIN001-127, ITK inhibitor	ITK	Other, kinases
CMK	64	MGH	CMK	KIN001-128	RSK2	Other, kinases
PYRIMETHAMINE	71	MGH	Pyrimethamine	Daraprim, Chloridine	Dihydrofolate reductase (DHFR)	Other
JW7521	83	MGH	JW-7-52-1	NA	MTOR	PI3K/MTOR signaling
A443654	86	MGH	A-443654	KIN001-139	AKT1, AKT2, AKT3	PI3K/MTOR signaling
GW843682X	87	MGH	GW843682X	GW843682X (AN-13)	PLK1	Cell cycle
ENTINOSTAT	88	MGH	Entinostat	MS-275	HDAC1, HDAC3	Chromatin histone acetylation
PARTHENOLIDE	89	MGH	Parthenolide		HDAC1	Chromatin histone acetylation
GSK319347A	91	MGH	GSK319347A	KIN001-135, IKK-3 inhibitor	IKK	Other, kinases
TGX221	94	MGH	TGX221	TGX-221, Tgx 221	PI3Kbeta	PI3K/MTOR signaling
BORTEZOMIB	104	MGH	Bortezomib	PS-341, LDP-341, Velcade	Proteasome	Protein stability and degradation
XMD885	106	MGH	XMD8-85	ERK5-IN-1	ERK5, BET	Other
SELICICLIB	110	MGH	Seliciclib	Roscovitine, CYC-202, AL-39256	CDK2, CDK7, CDK9	Cell cycle
SALUBRINAL	111	MGH	Salubrinal	EIF-2alpha Inhibitor	EIF2A	Other
LAPATINIB	119	MGH	Lapatinib	Tykerb, Tyverb	EGFR, ERBB2	RTK signaling
GSK269962A	127	MGH	GSK269962A	GSK 269962A	ROCK1, ROCK2	Cytoskeleton
DOXORUBICIN	133	MGH	Doxorubicin	Doxil, Rubex, Adriamycin, Adriablastin, Doxorubicine	Anthracycline	DNA replication
ETOPOSIDE	134	MGH	Etoposide	Etopophos, Vepesid, Eposin, VP-16	TOP2	DNA replication
GEMCITABINE	135	MGH	Gemcitabine	Gemzar, LY-188011	Pyrimidine antimetabolite	DNA replication
MITOMYCINC	136	MGH	Mitomycin-C	Mytozytrex, NSC-26980, MMC, Mitosol, Mitozytrex	DNA crosslinker	DNA replication
VINORELBINE	140	MGH	Vinorelbine	vinorelbine tartrate, Navelbine, Exelbine	Microtubule destabiliser	Mitosis
NSC87877	147	MGH	NSC-87877	NSC 87877	SHP-1 (PTPN6), SHP-2 (PTPN11)	Other
BICALUTAMIDE	150	MGH	Bicalutamide	ICI-176334, Casodex, Cosudex, ICI 176334	AR	Hormone-related
QS11	151	MGH	QS11	944328-88-5	ARFGAP1	Other
CP466722	152	MGH	CP466722	CP-466722, CP 466722, 1080622-86-1	ATM	Genome integrity
MIDOSTAURIN	153	MGH	Midostaurin	PKC412, benzoylstaurosporine, CGP-41251	PKC, PPK, FLT1, c-FGR, others	Other
CHIR99021	154	MGH	CHIR-99021	CT 99021, CHIR99021, CHIR 99021	GSK3A, GSK3B	WNT signaling
PONATINIB	155	MGH	Ponatinib	AP24534, AP-24534, KIN001-192, Iclusig	ABL, PDGFRA, VEGFR2, FGFR1, SRC, TIE2, FLT3	Other, kinases
AZD6482	156	MGH	AZD6482	AZD 6482, AZD-6482, AK-55409	PI3Kbeta	PI3K/MTOR signaling
JNK9L	157	MGH	JNK-9L	KIN001-204, JNK inhibitor 9l	JNK2, JNK3	JNK and p38 signaling
PF562271	158	MGH	PF-562271	PF-00562271	FAK, FAK2	Cytoskeleton
HG6641	159	MGH	HG6-64-1	KIN001-206	BRAF	ERK MAPK signaling
JQ1	163	MGH	JQ1	JQ-1, (+)-JQ-1	BRD2, BRD3, BRD4, BRDT	Chromatin other
JQ12	164	MGH	JQ12		HDAC1, HDAC2	Chromatin histone acetylation
DMOG	165	MGH	DMOG	Dimethyloxalylglcine	HIF-PH	Metabolism
FTI277	166	MGH	FTI-277		Farnesyl-transferase (FNTA)	Other
OSU03012	167	MGH	OSU-03012	AR-12, OSU 03012, OSU03012, PDK1 inhibitor AR-12	PDK1 (PDPK1)	Metabolism
SHIKONIN	170	MGH	Shikonin	Anchusin	not defined	Other
AKTINHIBITORVIII	171	MGH	AKT inhibitor VIII	Akti-1/2, KIN001-102	AKT1, AKT2, AKT3	PI3K/MTOR signaling
EMBELIN	172	MGH	Embelin	Emberine, Embelic acid	XIAP	Apoptosis regulation
FH535	173	MGH	FH535		PPARgamma, PPARdelta	Other
PAC1	175	MGH	PAC-1	GTPL5238	Procaspase-3, Procaspase-7	Apoptosis regulation
IPA3	176	MGH	IPA-3	IPA 3	PAK1	Cytoskeleton
GSK650394	177	MGH	GSK650394	GSK-650394, GSK 650394	SGK2, SGK3	Other, kinases
BAY613606	178	MGH	BAY-61-3606	Syk Inhibitor, BAY-613606	SYK	Other, kinases
5FLUOROURACIL	179	MGH	5-Fluorouracil	5-FU	Antimetabolite (DNA & RNA)	Other
THAPSIGARGIN	180	MGH	Thapsigargin	Octanoic acid	SERCA	Other
OBATOCLAXMESYLATE	182	MGH	Obatoclax Mesylate	GX15-070MS, Obatoclax, GX15-070	BCL2, BCL-XL, BCL-W, MCL1	Apoptosis regulation
BMS754807	184	MGH	BMS-754807	BMS754807, BMS 754807	IGF1R, IR	RTK signaling
LINSITINIB	185	MGH	Linsitinib	OSI-906, ASP-7487	IGF1R	IGF1R signaling
BEXAROTENE	186	MGH	Bexarotene	LG-100069, Targretin, Targret, Targrexin, Targretyn, Bexarotenum	Retinioic X receptor (RXR) agonist	Other
BLEOMYCIN	190	MGH	Bleomycin		dsDNA break induction	DNA replication
LFMA13	192	MGH	LFM-A13	DDE-28	BTK	Other, kinases
GW2580	193	MGH	GW-2580	GX2580, CFMS receptor tyrosine kinase inhibitor	CSF1R	RTK signaling
LUMINESPIB	194	MGH	Luminespib	AUY922, VER-52296,NVP-AUY922,  AUY	HSP90	Protein stability and degradation
PHENFORMIN	196	MGH	Phenformin	DBI	Biguanide agent	Other
BRYOSTATIN1	197	MGH	Bryostatin 1	Bryostatin	PKC	Other
PAZOPANIB	199	MGH	Pazopanib	Votrient	CSF1R, KIT,  PDGFRA, PDGFRB	RTK signaling
DACINOSTAT	200	MGH	Dacinostat	NVP-LAQ824, LAQ824	HDAC1	Chromatin histone acetylation
EPOTHILONEB	201	MGH	Epothilone B	Patupilone, EpoB, EPO906, GNF-PF-193	Microtubule stabiliser	Mitosis
GSK1904529A	202	MGH	GSK1904529A	GSK-1904529A, GSK 1904529A	IGF1R, IR	RTK signaling
BMS345541	203	MGH	BMS-345541	BMS345541, IKK Inhibitor 3	IKK1, IKK2	Other, kinases
TIPIFARNIB	204	MGH	Tipifarnib	Zarnestra	Farnesyl-transferase (FNTA)	Other
AVAGACESTAT	205	MGH	Avagacestat	BMS-708163, BMS 708163	Amyloid beta20, Amyloid beta40	Other
RUXOLITINIB	206	MGH	Ruxolitinib	INCB-18424, Ruxolitinib Phosphate, Jakafi	JAK1, JAK2	Other, kinases
AS601245	207	MGH	AS601245		JNK1, JNK2, JNK2	JNK and p38 signaling
ISPINESIBMESYLATE	208	MGH	Ispinesib Mesylate	SB-715992	KSP	Mitosis
TL2105	211	MGH	TL-2-105		not defined	Other
AT7519	219	MGH	AT-7519	AT7519	CDK1, CDK2, CDK4, CDK6, CDK9	Cell cycle
TAK715	221	MGH	TAK-715	KIN001-201, TAK 715	p38alpha, p38beta	JNK and p38 signaling
BX912	222	MGH	BX-912		PDK1 (PDPK1)	Metabolism
ZSTK474	223	MGH	ZSTK474	KIN001-167, ZSTK-474, ZSTK 474	PI3K (class 1)	PI3K/MTOR signaling
AS605240	224	MGH	AS605240	KIN001-173, AS-605240	PI3Kgamma	PI3K/MTOR signaling
GENENTECHCPD10	225	MGH	Genentech Cpd 10		AURKA, AURKB	Mitosis
GSK1070916	226	MGH	GSK1070916	GSK-1070916	AURKA, AURKC	Mitosis
AKTINHIBITORVIII	228	MGH	AKT inhibitor VIII	Akti-1/2, KIN001-102	AKT1, AKT2, AKT3	PI3K/MTOR signaling
ENZASTAURIN	229	MGH	Enzastaurin	LY317615	PKCB	Other, kinases
GSK429286A	230	MGH	GSK429286A		ROCK1, ROCK2	Cytoskeleton
FMK	231	MGH	FMK	KIN001-242	RSK	Other, kinases
QLXII47	235	MGH	QL-XII-47		BTK, BMX	Other, kinases
IC87114	236	MGH	IC-87114		PI3Kdelta	PI3K/MTOR signaling
IDELALISIB	238	MGH	Idelalisib	CAL-101, Zydelig	PI3Kdelta	PI3K/MTOR signaling
UNC0638	245	MGH	UNC0638	UNC-0638, UNC 0683	G9a and GLP methyltransferases	Chromatin histone methylation
CABOZANTINIB	249	MGH	Cabozantinib	BMS-907351, XL-184, Cometriq	VEGFR, MET, RET, KIT, FLT1, FLT3, FLT4, TIE2,AXL	RTK signaling
WZ3105	252	MGH	WZ3105		SRC, ROCK2, NTRK2, FLT3, IRAK1, others	Other
XMD1499	253	MGH	XMD14-99		ALK, CDK7, LTK, others	Other, kinases
QUIZARTINIB	254	MGH	Quizartinib	AC220, AC 220, AC-220, Asp-2689	FLT3	RTK signaling
CP724714	255	MGH	CP724714	CP-724714	ERBB2	EGFR signaling
JW7241	256	MGH	JW-7-24-1		LCK	Other, kinases
NPK76II721	257	MGH	NPK76-II-72-1		PLK3	Cell cycle
STF62247	258	MGH	STF-62247	STF62247	Autophagy inducer	Other
NG25	260	MGH	NG-25	NG25	TAK1, M4K2	Other, kinases
TL185	261	MGH	TL-1-85		TAK1, MAP4K2	Other, kinases
VX11E	262	MGH	VX-11e	VX11e, VX11e	ERK2	ERK MAPK signaling
FR180204	263	MGH	FR-180204	FR 180204, FR180204, ERK Inhibitor II	ERK1, ERK2	ERK MAPK signaling
ACY1215	264	MGH	ACY-1215		HDAC6	Chromatin histone acetylation
TUBASTATINA	265	MGH	Tubastatin A		HDAC1, HDAC6, HDAC8	Chromatin histone acetylation
ZIBOTENTAN	266	MGH	Zibotentan	ZD4054, ZD-4054	Endothelin-1 receptor (EDNRA)	Other
SEPANTRONIUMBROMIDE	268	MGH	Sepantronium bromide	YM155, YM-155, YM 155	BIRC5	Apoptosis regulation
NSC207895	269	MGH	NSC-207895	XI-006, NSC207895	MDM4	p53 pathway
VNLG/124	271	MGH	VNLG/124	HDAC inhibitor XV	HDAC,RAR	Chromatin histone acetylation
AR42	272	MGH	AR-42	HDAC-42, AR 42, AR42	HDAC1	Chromatin histone acetylation
CUDC101	273	MGH	CUDC-101	CUDC 101	HDAC1-10, EGFR, ERBB2	Other
BELINOSTAT	274	MGH	Belinostat	PXD101, PXD-101	HDAC1	Chromatin histone acetylation
IBET762	275	MGH	I-BET-762	GSK525762A	BRD2, BRD3, BRD4	Chromatin other
CAY10603	276	MGH	CAY10603		HDAC1, HDAC6	Chromatin histone acetylation
LINIFANIB	277	MGH	Linifanib	ABT-869, ABT 869	VEGFR1, VEGFR2, VEGFR3, CSF1R, FLT3, KIT	RTK signaling
BIX02189	279	MGH	BIX02189	BIX 02189	MEK5, ERK5	ERK MAPK signaling
ALECTINIB	281	MGH	Alectinib	CH5424802, CH 542802, Alecensa	ALK	RTK signaling
PELITINIB	282	MGH	Pelitinib	EKB-569, EKB 569	EGFR	EGFR signaling
OMIPALISIB	283	MGH	Omipalisib	GSK2126458, GSK-2126458, EX-8678, GSK458	PI3K (class 1), MTORC1, MTORC2	PI3K/MTOR signaling
JNJ38877605	284	MGH	JNJ38877605		MET	RTK signaling
SU11274	285	MGH	SU11274		MET	RTK signaling
KIN001236	286	MGH	KIN001-236		HDAC6, HDAC10	Chromatin histone acetylation
KIN001244	287	MGH	KIN001-244	PDK1 inhibitor 7	PDK1	Other, kinases
WHIP97	288	MGH	WHI-P97	AC1L1GQE, KIN001-055	JAK3	Other, kinases
KIN001042	289	MGH	KIN001-042		GSK3B	WNT signaling
KIN001260	290	MGH	KIN001-260	Bayer IKKb inhibitor, ACHP	CDC7	DNA replication
KIN001266	291	MGH	KIN001-266		CDC7	DNA replication
MASITINIB	292	MGH	Masitinib	AB1010, Masivet	KIT, PDGFRA, PDGFRB	RTK signaling
AMUVATINIB	293	MGH	Amuvatinib	MP470, MP 470, MP-470	KIT, PDGFRA, FLT3	RTK signaling
MPS1IN1	294	MGH	MPS-1-IN-1		MPS1	Mitosis
NVPBHG712	295	MGH	NVP-BHG712	BHG712	EPHB4, RAF, SRC, ABL	Other, kinases
OSI930	298	MGH	OSI-930	OSI 930 OSI930	KIT, VEGFR2	RTK signaling
OSI027	299	MGH	OSI-027	A-1065-5	MTORC1, MTORC2	PI3K/MTOR signaling
CX5461	300	MGH	CX-5461	CX5461, CX 5461	RNA Polymerase 1	Other
PHA793887	301	MGH	PHA-793887	PHA793887, PHA 793887	CDK2, CDK7, CDK5	Cell cycle
PI103	302	MGH	PI-103	PI-103, PI103, PI 103	PI3Kalpha, DAPK3, CLK4, PIM3, HIPK2	Other, kinases
PIK93	303	MGH	PIK-93	PIK 93, PIK93	PK3CG	PI3K/MTOR signaling
SB52334	304	MGH	SB52334	SB-52334, SB 52334	ALK5	RTK signaling
TPCA1	305	MGH	TPCA-1		IKK2	Other, kinases
FEDRATINIB	306	MGH	Fedratinib	TG101348, TG-101348, SAR302503, SAR-302503	JAK2	Other, kinases
FORETINIB	308	MGH	Foretinib	GSK1363089, XL-880, EXEL-2880, GSK089	MET, KDR, TIE2, VEGFR3/FLT4, RON, PDGFR, FGFR1, EGFR	RTK signaling
Y39983	309	MGH	Y-39983		ROCK	Cytoskeleton
YM201636	310	MGH	YM201636	YM-201636, YM 201636	PIKFYVE	PI3K/MTOR signaling
TIVOZANIB	312	MGH	Tivozanib	AV-951, AV 951, KRN-951, KIL8951, ASP-4130	VEGFR1, VEGFR2, VEGFR3, PDGFR, KIT	RTK signaling
WYE125132	317	MGH	WYE-125132		mTOR	PI3K/MTOR signaling
GSK690693	326	MGH	GSK690693	GSK 690693, GSK-690693	AKT1, AKT2, AKT3	PI3K/MTOR signaling
SNX2112	328	MGH	SNX-2112	SNX 2112	HSP90	Protein stability and degradation
QLXI92	329	MGH	QL-XI-92		DDR1	Cytoskeleton
XMD132	330	MGH	XMD13-2		MRCKB	Cytoskeleton
QLX138	331	MGH	QL-X-138		BTK	Other, kinases
XMD1527	332	MGH	XMD15-27		CAMK2	Other, kinases
T0901317	333	MGH	T0901317	TO-901317, TO901317	LXR, FXR	Other
SELISISTAT	341	MGH	Selisistat	EX-527, EX 527	SIRT1	Chromatin histone acetylation
TENOVIN6	342	MGH	Tenovin-6		SIRT	Chromatin histone acetylation
THZ249	344	MGH	THZ-2-49		CDK9	Cell cycle
KIN001270	345	MGH	KIN001-270	CDK9 inhibitor, CDK9-IN-1	CDK9	Other
THZ21021	346	MGH	THZ-2-102-1		CDK7	Cell cycle
AT7867	356	MGH	AT7867		AKT	PI3K/MTOR signaling
CI1033	362	MGH	CI-1033		EGFR, ERBB2, ERBB4	RTK signaling
PF00299804	363	MGH	PF-00299804		EGFR, ERBB2, ERBB4	RTK signaling
TWS119	366	MGH	TWS119		GSK3	WNT signaling
TORIN2	371	MGH	Torin 2		mTOR	PI3K/MTOR signaling
PILARALISIB	372	MGH	Pilaralisib	XL-147	PI3K	PI3K/MTOR signaling
GSK1059615	374	MGH	GSK1059615		PI3K	PI3K/MTOR signaling
VOXTALISIB	375	MGH	Voxtalisib	XL-765, SAR245409	PI3K (class 1), DNAPK, MTOR	PI3K/MTOR signaling
BRIVANIBBMS540215	376	MGH	Brivanib, BMS-540215		VEGFR, PDGFR	RTK signaling
BIBF1120	380	MGH	BIBF-1120		VEGFR, PDGFR, FGFR	RTK signaling
AST1306	381	MGH	AST-1306		EGFR, ERBB4	RTK signaling
APITOLISIB	382	MGH	Apitolisib	GDC0980	mTOR, PI3K	PI3K/MTOR signaling
LIMK1INHIBITORBMS4	406	MGH	LIMK1 inhibitor BMS4		LIMK1	Cytoskeleton
KBNB14270	407	MGH	kb NB 142-70		PKD	Other, kinases
SPHINGOSINEKINASE1INHIBITORII	408	MGH	Sphingosine Kinase 1 Inhibitor II	PF-543	Sphingosine Kinase	Other, kinases
EEF2KINHIBITORA484954	409	MGH	eEF2K Inhibitor, A-484954		eEF2K	Other, kinases
METAP2INHIBITORA832234	410	MGH	MetAP2 Inhibitor, A832234		MetAP2	Other
VENOTOCLAX	412	MGH	Venotoclax	ABT-199, Veneclexta, GDC-0199	BCL-2 selective	Apoptosis regulation
CPI613	415	MGH	CPI-613		Metabo, Mitochondria	Other
CAY10566	416	MGH	CAY10566		Stearoyl-CoA desaturase	Other
ARAG	427	MGH	Ara-G	9-??-D-Arabinofuranosyl guanine	Anti-metabolite	Other
PEMETREXED	428	MGH	Pemetrexed		TYMS	DNA replication
ALISERTIB	431	MGH	Alisertib	MLN8237	AURKA	Mitosis
FLAVOPIRIDOL	432	MGH	Flavopiridol		CDK	Cell cycle
C75	435	MGH	C-75		FAS	Apoptosis regulation
CAP232TT232TLN232	436	MGH	CAP-232, TT-232, TLN-232		Glycolysis	Metabolism
TRICHOSTATINA	437	MGH	Trichostatin A		HDAC	Chromatin histone acetylation
PANOBINOSTAT	438	MGH	Panobinostat	Farydak, LBH589	HDAC	Chromatin histone acetylation
LCL161	439	MGH	LCL161		XIAP, cIAP1, cIAP2	Apoptosis regulation
IMD0354	442	MGH	IMD-0354		IKKb	Other, kinases
MIM1	446	MGH	MIM1		MCL-1	Apoptosis regulation
ETP45835	447	MGH	ETP-45835		MNK1, MNK2	Other, kinases
CD532	449	MGH	CD532		AURKA	Mitosis
NSC319726	461	MGH	NSC319726		P53 Mut specific	p53 pathway
ARRY520	474	MGH	ARRY-520		KIF11	Mitosis
SB505124	476	MGH	SB505124	SB 505124, SB505124	TGFBR1, ACVR1B, ACVR1C	RTK signaling
A8301	477	MGH	A-83-01		TGFB	Other
LDN193189	478	MGH	LDN-193189		BMP	Other
FTY720	546	MGH	FTY-720	Fingolimod hydrochloride; Gilenya; TDI-132; Imusera; Gilenia	S1P	Other
BAM7	552	MGH	BAM7		Bax activator	Other
AGI6780	562	MGH	AGI-6780		IDH2(R140Q)	Metabolism
KOBE2602	563	MGH	Kobe2602		RAS effector	RTK signaling
LGK974	573	MGH	LGK974		PORCN	WNT signaling
WNTC59	574	MGH	Wnt-C59		PORCN	WNT signaling
RUSKI43	576	MGH	RU-SKI 43		Shh	Other
AICARIBONUCLEOTIDE	1001	SANGER	AICA Ribonucleotide	AICAR, N1-(b-D-Ribofuranosyl)-5-aminoimidazole-4-carboxamide	AMPK agonist	Metabolism
CAMPTOTHECIN	1003	SANGER	Camptothecin	Camptothecine, (+)-Camptothecin	TOP1	DNA replication
VINBLASTINE	1004	SANGER	Vinblastine	Velban	Microtubule destabiliser	Mitosis
CISPLATIN	1005	SANGER	Cisplatin	cis-Diammineplatinum(II) dichloride, Platinol, CIS-DDP	DNA crosslinker	DNA replication
CYTARABINE	1006	SANGER	Cytarabine	Ara-Cytidine, Arabinosyl Cytosine, U-19920	Antimetabolite	Other
DOCETAXEL	1007	SANGER	Docetaxel	RP-56976, Taxotere	Microtubule stabiliser	Mitosis
METHOTREXATE	1008	SANGER	Methotrexate	Abitrexate, Amethopterin, Rheumatrex, Trexall, Folex	Antimetabolite	DNA replication
TRETINOIN	1009	SANGER	Tretinoin	ATRA, Vesanoid, Renova, Atralin, Tretin-X, Avita	Retinoic acid	Other
GEFITINIB	1010	SANGER	Gefitinib	ZD-1839, Iressa	EGFR	EGFR signaling
NAVITOCLAX	1011	SANGER	Navitoclax	ABT-263, ABT263, ABT 263	BCL2, BCL-XL, BCL-W	Apoptosis regulation
VORINOSTAT	1012	SANGER	Vorinostat	Zolinza, SAHA, suberanilohydroxamic acid, suberoylanilide hydroxamic acid, MK-0683	HDAC inhibitor Class I, IIa, IIb, IV	Chromatin histone acetylation
NILOTINIB	1013	SANGER	Nilotinib	Tasigna, AMN 107	ABL	ABL signaling
REFAMETINIB	1014	SANGER	Refametinib	RDEA119, BAY-86-9766, BAY 869766	MEK1, MEK2	ERK MAPK signaling
CI1040	1015	SANGER	CI-1040	CI 1040, PD-18435, PD-184352, 212631-79-3	MEK1, MEK2	ERK MAPK signaling
TEMSIROLIMUS	1016	SANGER	Temsirolimus	CCI-779, Torisel	MTOR	PI3K/MTOR signaling
OLAPARIB	1017	SANGER	Olaparib	AZD2281, KU0059436,  Lynparza	PARP1, PARP2	Genome integrity
VELIPARIB	1018	SANGER	Veliparib	ABT-888, ABT888, ABT 888	PARP1, PARP2	Genome integrity
BOSUTINIB	1019	SANGER	Bosutinib	SKI-606, Bosulif	SRC, ABL, TEC	Other, kinases
LENALIDOMIDE	1020	SANGER	Lenalidomide	CDC-501, CC-5013, Revlimid	CRBN	Protein stability and degradation
AXITINIB	1021	SANGER	Axitinib	AG-13736, Inlyta	PDGFR, KIT, VEGFR	RTK signaling
AZD7762	1022	SANGER	AZD7762	AZD-7762, AZD 7762	CHEK1, CHEK2	Cell cycle
GW441756	1023	SANGER	GW441756	GW 441756	NTRK1	RTK signaling
LESTAURTINIB	1024	SANGER	Lestaurtinib	CEP-701, SP-924, SPM-924, A-154475, KT-555	FLT3, JAK2, NTRK1, NTRK2, NTRK3	Other, kinases
SB216763	1025	SANGER	SB216763	SB-216763, SB 216763	GSK3A, GSK3B	WNT signaling
TANESPIMYCIN	1026	SANGER	Tanespimycin	17-AAG, BMS-722782	HSP90	Protein stability and degradation
VX702	1028	SANGER	VX-702	VX702, VX 702	p38	JNK and p38 signaling
MOTESANIB	1029	SANGER	Motesanib	AMG-706, AMG 706, AMG706	VEGFR, RET, KIT, PDGFR	RTK signaling
KU55933	1030	SANGER	KU-55933	KU55933	ATM	Genome integrity
ELESCLOMOL	1031	SANGER	Elesclomol	STA-4783	HSP90	Protein stability and degradation
AFATINIB	1032	SANGER	Afatinib	BIBW2992, Tovok, Gilotrif	EGFR, ERBB2	EGFR signaling
VISMODEGIB	1033	SANGER	Vismodegib	GDC0449, Erivedge	SMO	Other
STAUROSPORINE	1034	SANGER	Staurosporine		Broad spectrum kinase inhibitor	RTK signaling
PLX4720	1036	SANGER	PLX-4720	PLX4720, PLX 4720	BRAF	ERK MAPK signaling
BX795	1037	SANGER	BX795	BX-795	TBK1, PDK1 (PDPK1), IKK, AURKB, AURKC	Other, kinases
NU7441	1038	SANGER	NU7441	KU-57788, NU-7432, NU-7741	DNAPK	Genome integrity
SL0101	1039	SANGER	SL0101	SL-0101, SL 0101-1	RSK, AURKB, PIM1, PIM3	Other, kinases
DORAMAPIMOD	1042	SANGER	Doramapimod	BIRB-796, BIRB 796	p38, JNK2	JNK and p38 signaling
JNKINHIBITORVIII	1043	SANGER	JNK Inhibitor VIII		JNK	JNK and p38 signaling
WEE1INHIBITOR	1046	SANGER	Wee1 Inhibitor	681640, Wee1 Inhibitor	WEE1, CHEK1	Cell cycle
NUTLIN3A	1047	SANGER	Nutlin-3a (-)		MDM2	p53 pathway
MIRIN	1048	SANGER	Mirin		MRE11	Genome integrity
PD173074	1049	SANGER	PD173074	PD-173074, PD 173074	FGFR1, FGFR2, FGFR3	RTK signaling
ZM447439	1050	SANGER	ZM447439	ZM-447439, ZM 447439	AURKA, AURKB	Mitosis
ALISERTIB	1051	SANGER	Alisertib	MLN8237	AURKA	Mitosis
RO3306	1052	SANGER	RO-3306		CDK1	Cell cycle
MK2206	1053	SANGER	MK-2206	MK 2206, MK2206	AKT1, AKT2	PI3K/MTOR signaling
PALBOCICLIB	1054	SANGER	Palbociclib	PD0332991, PD-0332991, PF-00080665-73	CDK4, CDK6	Cell cycle
DACTOLISIB	1057	SANGER	Dactolisib	NVP-BEZ235, BEZ235	PI3K (class 1), MTORC1, MTORC2	PI3K/MTOR signaling
PICTILISIB	1058	SANGER	Pictilisib	GDC-0941, GDC0941, RG-7621	PI3K (class 1)	PI3K/MTOR signaling
AZD8055	1059	SANGER	AZD8055	AZD-8055	MTORC1, MTORC2	PI3K/MTOR signaling
PD0325901	1060	SANGER	PD0325901	PD-0325901, PD 0325901	MEK1, MEK2	ERK MAPK signaling
SB590885	1061	SANGER	SB590885	SB-590885	BRAF	ERK MAPK signaling
SELUMETINIB	1062	SANGER	Selumetinib	AZD6244, AZD-6244, ARRY-886	MEK1, MEK2	ERK MAPK signaling
AZD6482	1066	SANGER	AZD6482	AZD 6482, AZD-6482, AK-55409	PIK3CB	PI3K/MTOR signaling
CCT007093	1067	SANGER	CCT007093		PPM1D	Cell cycle
OBATOCLAXMESYLATE	1068	SANGER	Obatoclax Mesylate	GX15-070MS, Obatoclax, GX15-070	BCL2, BCL-XL, BCL-W, MCL1	Apoptosis regulation
EHT1864	1069	SANGER	EHT-1864	EHT 1864	RAC1, RAC2, RAC3	Cytoskeleton
CRT0105950	1070	SANGER	CRT0105950		JNK1, JNK2, JNK3	JNK and p38 signaling
CRT0105446	1071	SANGER	CRT0105446		mTOR, LCK	PI3K/MTOR signaling
AVAGACESTAT	1072	SANGER	Avagacestat	BMS-708163, BMS 708163	Amyloid beta20, Amyloid beta40	Other
5FLUOROURACIL	1073	SANGER	5-Fluorouracil	5-FU	Antimetabolite (DNA & RNA)	Other
DASATINIB	1079	SANGER	Dasatinib	BMS-354825-03, BMS-354825, Sprycel	ABL, SRC, Ephrins, PDGFR, KIT	Other, kinases
PACLITAXEL	1080	SANGER	Paclitaxel	BMS-181339-01, Taxol, Onxol, Paxene, Praxel, Abraxane	Microtubule stabiliser	Mitosis
CRIZOTINIB	1083	SANGER	Crizotinib	Xalkori, PF2341066, PF-2341066, PF 2341066	MET, ALK, ROS1	RTK signaling
RAPAMYCIN	1084	SANGER	Rapamycin	AY-22989, Sirolimus, WY-090217, Torisel, Rapamune	MTORC1	PI3K/MTOR signaling
SORAFENIB	1085	SANGER	Sorafenib	Nexavar, 284461-73-0, BAY 43-9006	PDGFR, KIT, VEGFR, RAF	Other, kinases
BI2536	1086	SANGER	BI-2536		PLK1, PLK2, PLK3	Cell cycle
IRINOTECAN	1088	SANGER	Irinotecan	Camptosar, (+)-Irinotecan, Irinotecanum, irinotecan hydrochloride	TOP1	DNA replication
OXALIPLATIN	1089	SANGER	Oxaliplatin	Eloxatin	DNA alkylating agent	DNA replication
BMS536924	1091	SANGER	BMS-536924	BMS 536924	IGF1R, IR	IGF1R signaling
GSK1904529A	1093	SANGER	GSK1904529A	GSK-1904529A, GSK 1904529A	IGF1R, IR	IGF1R signaling
TOZASERTIB	1096	SANGER	Tozasertib	MK 0457,MK-0457,MK-045, VX-680 VX 680 VX-68	AURKA, AURKB, AURKC, others	Mitosis
CETUXIMAB	1114	SANGER	Cetuximab	Erbitux, IMC-C225, C225, IMC-225, L01XC06	EGFR	EGFR signaling
FS106	1128	SANGER	FS106		CHEK1	Cell cycle
PF4708671	1129	SANGER	PF-4708671	PF 4708671, PF4708671	S6K1	PI3K/MTOR signaling
PRIMA1MET	1131	SANGER	PRIMA-1MET	Prima 1MET, APR-246	TP53 activation	p53 pathway
SERDEMETAN	1133	SANGER	Serdemetan	JNJ-26854165	MDM2	p53 pathway
AZD4547	1135	SANGER	AZD4547	AZ6	FGRF1, FGFR2, FGFR3	RTK signaling
CAPIVASERTIB	1136	SANGER	Capivasertib	AZ5363	AKT	PI3K/MTOR signaling
HG511301	1142	SANGER	HG-5-113-01		AURKA	Mitosis
HG58801	1143	SANGER	HG-5-88-01		TAK1, M4K2	Other, kinases
THZ187	1145	SANGER	THZ-1-87		BTK, BMX	Other, kinases
TW37	1149	SANGER	TW 37	TW37, TW-37	BCL2, BCL-XL, MCL1	Apoptosis regulation
QLXII47	1155	SANGER	QL-XII-47		IRAK1	Other, kinases
XMD1150	1157	SANGER	XMD11-50		LRRK2, ERK5	Other, kinases
XMD1185H	1158	SANGER	XMD11-85h		LRRK2, ERK5	Other, kinases
ZG10	1161	SANGER	ZG-10		JNK1	JNK and p38 signaling
XMD892	1164	SANGER	XMD8-92	XMD 8-92	ERK5	ERK MAPK signaling
THZ29801	1165	SANGER	THZ-2-98-01		IRAK1	Unclassified
QLVIII58	1166	SANGER	QL-VIII-58		MTOR, ATR	Other
NG25	1167	SANGER	NG-25		TAK1	Unclassified
ERLOTINIB	1168	SANGER	Erlotinib	Tarceva, RG-1415, CP-358774, OSI-774, Ro-508231, R-1415	EGFR	EGFR signaling
CCT018159	1170	SANGER	CCT-018159	CCT018159, CCT 018159	HSP90	Protein stability and degradation
RUCAPARIB	1175	SANGER	Rucaparib	PF-01367338, AG-014699, AG-14447, AG-14699	PARP1, PARP2	Genome integrity
NIRAPARIB	1177	SANGER	Niraparib	MK-4827, MK4827	PARP1, PARP2	Genome integrity
MK1775	1179	SANGER	MK-1775	AZD1775, Adavosertib	WEE1, PLK1	Cell cycle
DINACICLIB	1180	SANGER	Dinaciclib	SCH727965, SCH 727965, SCH-727-965, MK-7965	CDK1, CDK2, CDK5, CDK9	Cell cycle
CRT0160829	1183	SANGER	CRT0160829		CDC7	DNA replication
AZ20	1184	SANGER	AZ20		ATR	Genome integrity
KU60019	1185	SANGER	KU-60019		ATM	Genome integrity
FS112	1186	SANGER	FS112		KS6B1 (p70S6K)	PI3K/MTOR signaling
CCT245232	1187	SANGER	CCT245232		HSF1	Unclassified
CCT245467	1188	SANGER	CCT245467		HSF1	Unclassified
GEMCITABINE	1190	SANGER	Gemcitabine	Gemzar, LY-188011	Pyrimidine antimetabolite	DNA replication
BORTEZOMIB	1191	SANGER	Bortezomib	PS-341, LDP-341, Velcade	Proteasome	Protein stability and degradation
GSK269962A	1192	SANGER	GSK269962A	GSK 269962A	ROCK1, ROCK2	Cytoskeleton
SB505124	1194	SANGER	SB505124	SB 505124, SB505124	TGFBR1, ACVR1B, ACVR1C	RTK signaling
FY026	1195	SANGER	FY026	[(para-cymene)osmium(N,N-dimethylphenlyazopyridine)(iodide)]hexafluorophophate		Unclassified
FY069	1196	SANGER	FY069	[(biphenyl)osmium(5-fluoro-phenlyazopyridine)(iodide)]hexafluorophophate		Unclassified
ZL049	1197	SANGER	ZL049	[(diphenyltetramethylcyclopentadienyl)iridium(III)(2-phenylpyridine)(chloride)]		Unclassified
FY012	1198	SANGER	FY012			Unclassified
TAMOXIFEN	1199	SANGER	Tamoxifen	Nolvadex, Soltamox, Zynoplex, ICI-46474, Kessar	ESR1	Hormone-related
FULVESTRANT	1200	SANGER	Fulvestrant	Faslodex, ICI-182780	ESR	Hormone-related
TORIN2	1202	SANGER	torin2		MTOR, ATM, ATR, DNAPK	PI3K/MTOR signaling
QLXII61	1203	SANGER	QL-XII-61		BMX, BTK	Other, kinases
HG67101	1204	SANGER	HG-6-71-01		DDR1, DDR2, SRC	Other, kinases
JQ1	1218	SANGER	JQ1	JQ-1, (+)-JQ-1	BRD2, BRD3, BRD4, BRDT	Chromatin other
PFI1	1219	SANGER	PFI-1		BRD4	Chromatin other
IOX2	1230	SANGER	IOX2	IOX-2, IOX 2, AK176060	EGLN1	Other
IBET151	1232	SANGER	I-BET-151	GSK12100151A	BRD2, BRD3, BRD4	Chromatin other
UNC0638	1236	SANGER	UNC0638	UNC-0638, UNC 0683	G9a and GLP methyltransferases	Chromatin histone methylation
EPZ004777	1237	SANGER	EPZ004777	EPZ-004777	DOT1L	Chromatin histone methylation
YK4279	1239	SANGER	YK-4-279	YK 4-279	RNA helicase A	Other
CHIR99021	1241	SANGER	CHIR-99021	CT 99021, CHIR99021, CHIR 99021	GSK3A, GSK3B	WNT signaling
7OXOZEAENOL	1242	SANGER	(5Z)-7-Oxozeaenol	5Z-7-Oxozeaenol, LL-Z1640-2	TAK1	Other, kinases
PIPERLONGUMINE	1243	SANGER	Piperlongumine	Piplartine	Induces reactive oxygen species	Other
DAPORINAD	1248	SANGER	Daporinad	APO866,  FK866, FK866	NAMPT	Metabolism
BMS345541	1249	SANGER	BMS-345541		IKK-1, IKK-2	Other
AZ960	1250	SANGER	AZ960	AZ 960, AZ-960	JAK2, JAK3	Other, kinases
N228996C1	1251	SANGER	N22899-6-C1		Peptidyl arginine deaminase (PAD)	Unclassified
N23918957	1252	SANGER	N23918-95-7		JMJ histone demethylase	Chromatin histone methylation
N2479849A1	1253	SANGER	N24798-49-A1		JMJ histone demethylase	Chromatin histone methylation
GSKJ4	1254	SANGER	GSK-J4		KDM6B	Chromatin histone methylation
TALAZOPARIB	1259	SANGER	Talazoparib	BMN-673, BMN 973	PARP1, PARP2	Genome integrity
RTRAIL	1261	SANGER	rTRAIL		TRAIL receptor agonist	Apoptosis regulation
UNC1215	1262	SANGER	UNC1215	UNC-1215	L3MBTL3	Chromatin other
UNC0642	1263	SANGER	UNC0642		G9A, GLP	Chromatin histone methylation
SGC0946	1264	SANGER	SGC0946		DOT1L	Chromatin histone methylation
ICL1100013	1266	SANGER	ICL1100013		N-myristoyltransferase 1/2	Other
XAV939	1268	SANGER	XAV939	NVP-XAV939, XAV-939, XAV 939	TNKS1, TNKS2	WNT signaling
965D2	1359	SANGER	965-D2		MKNK1, MKNK2, PIM1, PIM3	Other, kinases
993D2	1360	SANGER	993-D2		MKNK1, MKNK2	Other, kinases
BAYACCI	1362	SANGER	BAY ACCi		ACACA	Metabolism
BAYAKT1	1363	SANGER	BAY AKT1		AKT1, AKT2, AKT3	Apoptosis regulation
BAYHDAC111	1364	SANGER	BAY-HDAC11_1		HDAC11	Chromatin histone acetylation
BAYHDAC112	1365	SANGER	BAY-HDAC11_2		HDAC11	Chromatin histone acetylation
BAYHDAC114	1367	SANGER	BAY-HDAC11_4		HDAC11	Chromatin histone acetylation
BAYMPS1	1368	SANGER	BAY-MPS1		MPS1	Mitosis
BAYMPSCOMBO1	1369	SANGER	BAY-MPS-combo-1 (paclitaxel 5 uM)		TTK and microtubules	Mitosis
BAYMPSCOMBO2	1370	SANGER	BAY-MPS-combo 2 (paclitaxel 1 uM)		TTK and microtubules	Unclassified
PLX4720	1371	SANGER	PLX-4720	PLX4720, PLX 4720	BRAF	ERK MAPK signaling
TRAMETINIB	1372	SANGER	Trametinib	GSK1120212, Mekinist	MEK1, MEK2	ERK MAPK signaling
DABRAFENIB	1373	SANGER	Dabrafenib	GSK2118436, Tafinlar	BRAF	ERK MAPK signaling
TEMOZOLOMIDE	1375	SANGER	Temozolomide	Temodar, Temodal, M-39831, SCH 52365	DNA alkylating agent	DNA replication
AFATINIB	1377	SANGER	Afatinib	BIBW2992, Tovok, Gilotrif	EGFR, ERBB2	EGFR signaling
BLEOMYCIN	1378	SANGER	Bleomycin (50 uM)		dsDNA break induction	DNA replication
ZL109	1379	SANGER	ZL109		DNA damage	Unclassified
AZD3514	1382	SANGER	AZD3514	SN1019841295	AR	Hormone-related
DOXORUBICIN	1386	SANGER	Doxorubicin		Anthracycline	DNA replication
BLEOMYCIN	1392	SANGER	Bleomycin (10 uM)		dsDNA break induction	DNA replication
GEMCITABINE	1393	SANGER	Gemcitabine		Pyrimidine antimetabolite	DNA replication
AZD6738	1394	SANGER	AZD6738	SN1034081770	ATR	Genome integrity
AZD5438	1401	SANGER	AZD5438	SN1057898678	CDK2	Cell cycle
AZD7762	1402	SANGER	AZD7762	SN1031853762	CHEK1, CHEK2	Cell cycle
AZD6094	1403	SANGER	AZD6094	SN1042487586	MET	RTK signaling
DYRK1B0191	1407	SANGER	Dyrk1b_0191	SN1008982787	DYRK1B	Other, kinases
AZD4877	1409	SANGER	AZD4877	SN1055467765	EG5	Mitosis
EPHB49721	1413	SANGER	EphB4_9721	SN1076287848	EPHB4	RTK signaling
FULVESTRANT	1414	SANGER	Fulvestrant	SN0117217688	ESR1	Hormone-related
AZD8931	1416	SANGER	AZD8931	SN0216062465	EGFR, ERBB2, ERBB3	RTK signaling
FEN13940	1419	SANGER	FEN1_3940	SN1106019609	FEN1	Genome integrity
FGFR0939	1421	SANGER	FGFR_0939	SN1043317881	FGFR4	RTK signaling
FGFR3831	1422	SANGER	FGFR_3831	SN1037992934	FGFR1, FGFR2, FGFR3, FGFR4	RTK signaling
BPTES	1425	SANGER	BPTES	SN1041594574	GLS	Other
AZD7969	1426	SANGER	AZD7969	SN1098976045	GSK3B	WNT signaling
AZD5582	1427	SANGER	AZD5582	SN1021632995	IAP	Other
IAP5620	1428	SANGER	IAP_5620	SN1043546339	IAP	Other
IAP7638	1429	SANGER	IAP_7638	SN1043547481	IAP	Other
IGFR3801	1430	SANGER	IGFR_3801	SN1056768819	IGFR1	IGF1R signaling
AZD1480	1432	SANGER	AZD1480	SN1044232195	JAK1, JAK2	Other, kinases
JAK13715	1433	SANGER	JAK1_3715	SN1042605297	JAK1	Other, kinases
JAK37406	1434	SANGER	JAK3_7406	SN1014281280	JAK3	Other, kinases
MCT16447	1436	SANGER	MCT1_6447	SN0177231247	MCT1	Cell cycle
MCT41422	1437	SANGER	MCT4_1422	SN1043999849	MCT4	Other
AZD2014	1441	SANGER	AZD2014	SN1103949359	mTORC1, mTORC2	PI3K/MTOR signaling
AZD8186	1444	SANGER	AZD8186	SN1028722848	PI3Kbeta, PI3Kdelta	PI3K/MTOR signaling
AZD8835	1445	SANGER	AZD8835	SN1040214596	PI3Kalpha, PI3Kdelta	PI3K/MTOR signaling
PI3KA4409	1446	SANGER	PI3Ka_4409	SN1037097676	PI3Kalpha, PI3Kdelta	PI3K/MTOR signaling
AZD1208	1449	SANGER	AZD1208	SN1028350371	PIM1, PIM2, PIM3	Other, kinases
PLK6522	1451	SANGER	PLK_6522	SN1077317349	PLK1, PLK2, PLK3	Cell cycle
RAF9304	1453	SANGER	RAF_9304	SN1034259943	ARAF, BRAF, CRAF	ERK MAPK signaling
PARP9495	1458	SANGER	PARP_9495	SN1024601395	PARP1, PARP2, PARP7	Genome integrity
PARP0108	1459	SANGER	PARP_0108	SN1044053371	PARP1, PARP2, PARP6	Genome integrity
PARP9482	1460	SANGER	PARP_9482	SN1031920820	PARP1, PARP2, PARP5a	Genome integrity
TANK1366	1461	SANGER	TANK_1366	SN1032446568	Tankyrase 1/2 (PARP5a, PARP5b)	Genome integrity
AZD1332	1463	SANGER	AZD1332	SN1061387896	NTRK1, NTRK2, NTRK3	RTK signaling
TTK3146	1464	SANGER	TTK_3146	SN1080714093	TTK	Mitosis
SN38	1490	SANGER	SN-38	SN1095903706	TOP1	DNA replication
SN38	1494	SANGER	SN-38	7-Ethyl-10-Hydroxy-Camptothecin, SN 38	TOP1	DNA replication
OLAPARIB	1495	SANGER	Olaparib	AZD2281, KU0059436,  Lynparza	PARP1, PARP2	Genome integrity
CISPLATIN	1496	SANGER	Cisplatin	Cisplatin	DNA crosslinker	DNA replication
AZD4547	1497	SANGER	AZD4547	AZ6	FGFR1, FGFR2, FGFR3	RTK signaling
SELUMETINIB	1498	SANGER	Selumetinib	AZD6244, AZD-6244, ARRY-886	MEK1, MEK2	ERK MAPK signaling
BICALUTAMIDE	1502	SANGER	Bicalutamide	ICI-176334, Casodex, Cosudex, ICI 176334	AR	Hormone-related
RUXOLITINIB	1507	SANGER	Ruxolitinib	INCB-18424, Ruxolitinib Phosphate, Jakafi	JAK1, JAK2	Other, kinases
LINSITINIB	1510	SANGER	Linsitinib	OSI-906, ASP-7487	IGF1R	IGF1R signaling
EPIRUBICIN	1511	SANGER	Epirubicin	Ellence, Farmorubicin, IMI-28	Anthracycline	DNA replication
CYCLOPHOSPHAMIDE	1512	SANGER	Cyclophosphamide	Cytoxan, Neosar, Cyclophosphamid, Procytox, Cyclophosphane	Alkylating agent	DNA replication
REFAMETINIB	1526	SANGER	Refametinib	RDEA119, BAY-86-9766, BAY 869766	MEK1, MEK2	ERK MAPK signaling
PICTILISIB	1527	SANGER	Pictilisib	GDC-0941, GDC0941, RG-7621	PI3K (class 1)	PI3K/MTOR signaling
PEVONEDISTAT	1529	SANGER	Pevonedistat	MLN4924, MLN 4924, MLN-4924	NAE	Other
PFI3	1530	SANGER	PFI-3	BDF00016096	PB1, SMARCA4, SMARCA2	Chromatin other
ICBP112	1531	SANGER	I-CBP112		EP300, CBP	Chromatin histone acetylation
SAPITINIB	1549	SANGER	Sapitinib	AZD8931	EGFR, ERBB2, ERBB3	EGFR signaling
UPROSERTIB	1553	SANGER	Uprosertib	GSK2141795, GSK2141795C, GSK-2141795	AKT1, AKT2, AKT3	PI3K/MTOR signaling
LCL161	1557	SANGER	LCL161		XIAP, IAP1, IAP2	Apoptosis regulation
LAPATINIB	1558	SANGER	Lapatinib	Tykerb, Tyverb	EGFR, ERBB2	EGFR signaling
LUMINESPIB	1559	SANGER	Luminespib	AUY922, VER-52296,NVP-AUY922,  AUY	HSP90	Protein stability and degradation
ALPELISIB	1560	SANGER	Alpelisib	BYL719, BYL-719, NVP-BYL719	PI3Kalpha	PI3K/MTOR signaling
TASELISIB	1561	SANGER	Taselisib	GDC-0032, GDC0032, RG7604	PI3K (beta sparing)	PI3K/MTOR signaling
EPZ5676	1563	SANGER	EPZ5676	EPZ-5676, Pinometostat	DOT1L	Chromatin histone methylation
SCH772984	1564	SANGER	SCH772984	CS-1421	ERK1, ERK2	ERK MAPK signaling
IWP2	1576	SANGER	IWP-2	Wnt Inhibitor IWP-2	PORCN	WNT signaling
LEFLUNOMIDE	1578	SANGER	Leflunomide	Sulol, SU-101, HWA-486, Arava	Pyrimidine synthesis inhibitor	DNA replication
GSK2801	1580	SANGER	GSK2801	1-(7-(2-methylsulfonyl-phenyl)-4-propoxy-1-aza-bicyclo[4.3.0]nona-2,4,6,8-tetraen-9-yl)-ethanone		Chromatin other
BROMOSPORINE	1581	SANGER	Bromosporine	ethyl N-[6-(3-methanesulfonamido-4-methylphenyl)-3-methyl-[1,2,4]triazolo[4,3-b]pyridazin-8-yl]carbamate	CECR2, BRD2, BRD4, BRD9	Chromatin other
SGCCBP30	1582	SANGER	SGC-CBP30	8-(3-chloro-4-methoxy-phenethyl)-4-(3,5-dimethyl-isoxazol-4-yl)-9-(2-(morpholin-4-yl)-propyl)-7,9-diaza-bicyclo[4.3.0]nona-1(6),2,4,7-tetraene	EP300, CBP	Chromatin histone acetylation
GSKLSD1	1583	SANGER	GSK-LSD1	N-((1R,2S)-2-phenylcyclopropyl)piperidin-4-amine	KDM1	Chromatin histone methylation
BDOCA000347A	1584	SANGER	BDOCA000347a	4-bromo-N-(6-methoxy-1,3-dimethyl-2-oxo-2,3-dihydro-1H-benzo[d]imidazol-5-yl)-2-methylbenzenesulfonamide	BRPF1, BRPF2, BRPF3	Chromatin histone acetylation
BDF00022089A	1585	SANGER	BDF00022089a		BRPF1, BRPF2, BRPF3	Chromatin histone acetylation
BDILV000379A	1586	SANGER	BDILV000379a	4-(4-(1-methyl-1H-pyrazol-4-yl)-1-(2-(1-methyl-1H-pyrazol-4-yl)ethyl)-4,5-dihydro-1H-imidazol-5-yl)benzonitrile	BAZ2A, BAZ2B	Chromatin histone acetylation
ENTINOSTAT	1593	SANGER	Entinostat	MS-275	HDAC1, HDAC3	Chromatin histone acetylation
OSI027	1594	SANGER	OSI-027	A-1065-5	MTORC1, MTORC2	PI3K/MTOR signaling
LGK974	1598	SANGER	LGK974	LGK-974	PORCN	WNT signaling
VE822	1613	SANGER	VE-822	VE 822, VE822, Berzosertib	ATR	Genome integrity
WZ4003	1614	SANGER	WZ4003	WZ 4003	NUAK1, NUAK2	Other, kinases
CZC24832	1615	SANGER	CZC24832	GTPL6653	PI3Kgamma	PI3K/MTOR signaling
AZD5582	1617	SANGER	AZD5582	GTPL7710, AOB5560	XIAP, cIAP	Apoptosis regulation
GSK2606414	1618	SANGER	GSK2606414	AK175551	PERK	Metabolism
PFI3	1620	SANGER	PFI3	PFI-3, PFI 3, AOB2221	Polybromo 1, SMARCA4, SMARCA2	Chromatin other
PCI34051	1621	SANGER	PCI-34051	AK298746	HDAC8, HDAC6, HDAC1	Chromatin histone acetylation
WNTC59	1622	SANGER	Wnt-C59	AOB3540, AK161197	PORCN	WNT signaling
IBET762	1624	SANGER	I-BET-762	GSK525762A	BRD2, BRD3, BRD4	Chromatin other
RVX208	1625	SANGER	RVX-208	1044870-39-4, Apabetalone	BRD4	Chromatin other
OTX015	1626	SANGER	OTX015	Birabresib, OTX-015, MK-8628	BRD2, BRD3, BRD4	Chromatin other
GSK343	1627	SANGER	GSK343	GTPL8240, AOB3680, AK175558	EZH2	Chromatin histone methylation
ML323	1629	SANGER	ML323	GTPL7898, AOB2313,	USP1, UAF1	Protein stability and degradation
ENTOSPLETINIB	1630	SANGER	Entospletinib	GS-9973	SYK	Other, kinases
PRT062607	1631	SANGER	PRT062607	P505-15, PRT-2607, BIIB-057	SYK	Other, kinases
RIBOCICLIB	1632	SANGER	Ribociclib	LEE011, NVP-LEE011, LEE011-BBA	CDK4, CDK6	Cell cycle
AGI6780	1634	SANGER	AGI-6780	AK162157	IDH2 R140Q mutant	Metabolism
PICOLINICIACID	1635	SANGER	Picolinici-acid	Picolinate	Inflammatory related	Other
AZD5153	1706	SANGER	AZD5153	SN1045566955, AZD5153	BRD4	Chromatin other
CDK95576	1708	SANGER	CDK9_5576	SN1047226266, CDK9_5576	CDK9	Cell cycle
CDK95038	1709	SANGER	CDK9_5038	SN1047483750, CDK9_5038	CDK9	Cell cycle
EG59814	1712	SANGER	Eg5_9814	SN1047613775, Eg5_9814	KSP11	Other
ERK2440	1713	SANGER	ERK_2440	SN1051032892, ERK_2440	ERK1,ERK2	ERK MAPK signaling
ERK6604	1714	SANGER	ERK_6604	SN1047587618, ERK_6604	ERK1,ERK2	ERK MAPK signaling
IRAK44710	1716	SANGER	IRAK4_4710	SN1050852374, IRAK4_4710	IRAK4	Other, kinases
JAK18709	1718	SANGER	JAK1_8709	SN1049200060, JAK1_8709	JAK1	Other, kinases
AZD5991	1720	SANGER	AZD5991	SN1049446612, AZD5991	MCL1	Apoptosis regulation
PAK5339	1730	SANGER	PAK_5339	SN1046290829, PAK_5339	PAK1, PAK2	Cytoskeleton
TAF15496	1732	SANGER	TAF1_5496	SN1050393042, TAF1_5496	TAF1	Other
ULK14989	1733	SANGER	ULK1_4989	SN1049257073, ULK1_4989	ULK1	Other, kinases
VSP348731	1734	SANGER	VSP34_8731	SN1049998399, VSP34_8731	VSP34	Other
SELUMETINIB	1736	SANGER	Selumetinib	SN1103949345, AZD1480	MEK1, MEK2	ERK MAPK signaling
IGF1R3801	1738	SANGER	IGF1R_3801	SN1051640224, IGF1R_3801	IGFR1	IGF1R signaling
JAK8517	1739	SANGER	JAK_8517	SN1066590414, JAK_8517	JAK1, JAK2	Other, kinases
GSK2256098C	1776	SANGER	GSK2256098C		FAK1	Cytoskeleton
GSK2276186C	1777	SANGER	GSK2276186C		JAK1, JAK2, JAK3	Other, kinases
GSK2110183B	1778	SANGER	GSK2110183B		AKT1, AKT2, AKT3	PI3K/MTOR signaling
GSK626616AC	1779	SANGER	GSK626616AC		DYRK1A	Other, kinases
GSK3337463A	1780	SANGER	GSK3337463A		NIK	Other, kinases
GSK2830371A	1782	SANGER	GSK2830371A		PPM1D	Other
LMBAB1	1783	SANGER	LMB_AB1		ADRA1A, ADRB1	Other
LMBAB2	1784	SANGER	LMB_AB2		GADD34	Unclassified
LMBAB3	1785	SANGER	LMB_AB3		PPP1R15B	Other
AZD4547	1786	SANGER	AZD4547	1035270-39-3	FGFR1, FGFR2, FGFR3	RTK signaling
IBRUTINIB	1799	SANGER	Ibrutinib	PCI-32765, CRA-032765, PCI-32765-00	BTK	Other, kinases
ZOLEDRONATE	1802	SANGER	Zoledronate	Zoledronic acid, Zometa, Reclast	 	Other
ACETALAX	1803	SANGER	Acetalax	Oxyphenisatin acetate		Unclassified
ACETALAX	1804	SANGER	Acetalax	Oxyphenisatin acetate		Unclassified
OXALIPLATIN	1806	SANGER	Oxaliplatin		DNA alkylating agent	DNA replication
TOPOTECAN	1808	SANGER	Topotecan		TOP1	DNA replication
TENIPOSIDE	1809	SANGER	Teniposide	Vumon		DNA replication
MITOXANTRONE	1810	SANGER	Mitoxantrone		TOP2	DNA replication
DACTINOMYCIN	1811	SANGER	Dactinomycin	Actinomycin D	RNA polymerase	Other
BLEOMYCIN	1812	SANGER	Bleomycin		dsDNA break induction	DNA replication
FLUDARABINE	1813	SANGER	Fludarabine	Fludara	Antimetabolite	DNA replication
NELARABINE	1814	SANGER	Nelarabine	Atriance, Arranon		DNA replication
DACARBAZINE	1815	SANGER	Dacarbazine	DTIC	CP11A	Other
FULVESTRANT	1816	SANGER	Fulvestrant		ESR	Hormone-related
ROMIDEPSIN	1817	SANGER	Romidepsin	Istodax, FK228, Depsipeptide	HDAC1, HDAC2, HDAC3, HDAC8	Chromatin histone acetylation
DOCETAXEL	1819	SANGER	Docetaxel	RP-56976, Taxotere	Microtubule stabiliser	Mitosis
123829	1820	SANGER	123829			Unclassified
765771	1821	SANGER	765771			Unclassified
123138	1824	SANGER	123138			Unclassified
PODOPHYLLOTOXINBROMIDE	1825	SANGER	Podophyllotoxin bromide			Unclassified
50869	1826	SANGER	50869			Unclassified
DIHYDROROTENONE	1827	SANGER	Dihydrorotenone			Unclassified
720427	1828	SANGER	720427			Unclassified
667880	1829	SANGER	667880			Unclassified
GALLIBISCOQUINAZOLE	1830	SANGER	Gallibiscoquinazole			Unclassified
LOXONORELEAGNINE	1831	SANGER	L-Oxonoreleagnine			Unclassified
729189	1832	SANGER	729189			Unclassified
741909	1833	SANGER	741909			Unclassified
743380	1834	SANGER	743380			Unclassified
ELEPHANTIN	1835	SANGER	Elephantin			Unclassified
150412	1836	SANGER	150412			Unclassified
SINULARIN	1838	SANGER	Sinularin			Unclassified
615590	1839	SANGER	615590			Unclassified
630600	1840	SANGER	630600			Unclassified
LMP744	1843	SANGER	LMP744	MJ-III-65	TOP1	DNA replication
776928	1844	SANGER	776928			Unclassified
SCHWEINFURTHINA	1845	SANGER	Schweinfurthin A			Unclassified
BEN	1847	SANGER	BEN			Unclassified
SABUTOCLAX	1849	SANGER	Sabutoclax	BI-97C1	BCL2,  BCL-XL,  BFL1, MCL1	Apoptosis regulation
LY2109761	1852	SANGER	LY2109761	5XE	TGFB1	Other
OF1	1853	SANGER	OF-1		BRPF1B, BRPF2	Chromatin histone acetylation
MN64	1854	SANGER	MN-64		TNKS1, TNKS2	WNT signaling
KRASINHIBITOR12	1855	SANGER	KRAS (G12C) Inhibitor-12	GTPL8020	KRAS (G12C)	ERK MAPK signaling
MG132	1862	SANGER	MG-132	LLL cpd, MG 132, MG132	Proteasome, CAPN1	Protein stability and degradation
BDP00009066	1866	SANGER	BDP-00009066		MRCKB_HUMAN	Cytoskeleton
BUPARLISIB	1873	SANGER	Buparlisib	BKM120, NVP-BKM120	PI3Kalpha, PI3Kdelta, PI3Kbeta, PI3Kgamma	PI3K/MTOR signaling
ULIXERTINIB	1908	SANGER	Ulixertinib	BVD-523, VRT752271	ERK1, ERK2	ERK MAPK signaling
VENETOCLAX	1909	SANGER	Venetoclax	ABT-199, Veneclexta, GDC-0199	BCL2	Apoptosis regulation
ABT737	1910	SANGER	ABT737		BCL2, BCL-XL,  BCL-W, BCL-B, BFL1	Apoptosis regulation
DACTINOMYCIN	1911	SANGER	Dactinomycin	Actinomycin D, Cosmegen, Lyovac, Meractinomycin, Ac-De, ActD	RNA polymerase	Other
AFURESERTIB	1912	SANGER	Afuresertib	GSK2110183, GSK2110183C	AKT1, AKT2, AKT3	PI3K/MTOR signaling
AGI5198	1913	SANGER	AGI-5198	IDH-C35	IDH1 (R132H)	Metabolism
AZD3759	1915	SANGER	AZD3759		EGFR	EGFR signaling
AZD5363	1916	SANGER	AZD5363		AKT1, AKT2, AKT3, ROCK2	Other, kinases
AZD6738	1917	SANGER	AZD6738	AZD 6738, AZD-6738	ATR	Genome integrity
AZD8186	1918	SANGER	AZD8186	AZD 8186, AZD-8186	PI3Kalpha, PI3Kbeta	PI3K/MTOR signaling
OSIMERTINIB	1919	SANGER	Osimertinib	AZD9291, AZD 9291, AZD-9291, Tagrisso, Mereletinib	EGFR	EGFR signaling
CEDIRANIB	1922	SANGER	Cediranib	AZD2171, AZD 2171, AZD-2171, Recentin	VEGFR, FLT1, FLT2, FLT3, FLT4, KIT, PDGFRB	RTK signaling
IPATASERTIB	1924	SANGER	Ipatasertib	GDC0068, GDC 0068, GDC-0068	AKT1, AKT, AKT3	PI3K/MTOR signaling
GDC0810	1925	SANGER	GDC0810	GDC-0810, GDC 0810	ESR1, ESR2	Hormone-related
GNE317	1926	SANGER	GNE-317	GNE317, GNE 317	PI3Kalpha	PI3K/MTOR signaling
GSK2578215A	1927	SANGER	GSK2578215A	GSK 2578215A,  GSK-2578215A	LRRK2	Other, kinases
IBRD9	1928	SANGER	I-BRD9	GSK602, GSK 602, GSK-602	BRD9	Chromatin other
TELOMERASEINHIBITORIX	1930	SANGER	Telomerase Inhibitor IX	MST-312, MST 312, MST312	Telomerase	Genome integrity
MIRA1	1931	SANGER	MIRA-1	MIRA 1, MIRA1, NSC19630, NSC-19630, NSC 19630	TP53	p53 pathway
NVPADW742	1932	SANGER	NVP-ADW742	NVP ADW742, NVPADW742	IGF1R	IGF1R signaling
P22077	1933	SANGER	P22077	P 22077, P-22077	USP7, USP47	Protein stability and degradation
SAVOLITINIB	1936	SANGER	Savolitinib	AZD6094, Volitinib, AZD-6094, AZD 6094	MET	RTK signaling
UMI77	1939	SANGER	UMI-77	UMI 77, UMI-77	MCL1	Apoptosis regulation
WIKI4	1940	SANGER	WIKI4	WIKI-4, WIKI 4	TNKS1, TNKS2	WNT signaling
SEPANTRONIUMBROMIDE	1941	SANGER	Sepantronium bromide	YM155, YM-155, YM 155	BIRC5	Apoptosis regulation
MIM1	1996	SANGER	MIM1	MIM 1, MIM-1	MCL1	Apoptosis regulation
WEHI539	1997	SANGER	WEHI-539	WEHI539, WEHI-539	BCL-XL	Apoptosis regulation
BPD00008900	1998	SANGER	BPD-00008900			Other
N2572051A1	1999	SANGER	N25720-51-A1			Unclassified
N27922531	2000	SANGER	N27922-53-1			Unclassified
N30652181	2002	SANGER	N30652-18-1			Unclassified
N29087691	2003	SANGER	N29087-69-1			Unclassified
HKMTI1005	2010	SANGER	HKMTI-1-005			Unclassified
ICLSIRT078	2011	SANGER	ICL-SIRT078		SIR2	Other
GSK343	2037	SANGER	GSK343		EZH2	Chromatin histone methylation
UNC0638	2038	SANGER	UNC0638		G9A, GLP	Chromatin histone methylation
AGK2	2039	SANGER	AGK2		BAZ2A, BAZ2B	Chromatin histone acetylation
FORETINIB	2040	SANGER	Foretinib	GSK1363089, XL-880, EXEL-2880, GSK089	MET, KDR, TIE2, VEGFR3/FLT4, RON, PDGFR, FGFR1, EGFR	RTK signaling
BIBR1532	2043	SANGER	BIBR-1532		TERT	Genome integrity
PYRIDOSTATIN	2044	SANGER	Pyridostatin		G-quadruplex stabiliser	DNA replication
AMG319	2045	SANGER	AMG-319	AMG319	PI3K (beta sparing)	PI3K/MTOR signaling
MK8776	2046	SANGER	MK-8776	SCH900776	CHEK1, CHEK2, CDK2	Cell cycle
ULIXERTINIB	2047	SANGER	Ulixertinib	BVD-523, VRT752271	ERK1, ERK2	ERK MAPK signaling
VINORELBINE	2048	SANGER	Vinorelbine	vinorelbine tartrate, Navelbine, Exelbine	Microtubule destabiliser	Mitosis
MYCOPHENOLICACID	2055	SANGER	Mycophenolic acid			Unclassified
REMODELIN	2057	SANGER	Remodelin			Unclassified
VX11E	2096	SANGER	VX-11e	VX11e, VX11e	ERK2	ERK MAPK signaling
UPROSERTIB	2106	SANGER	Uprosertib	GSK2141795, GSK2141795C, GSK-2141795	AKT1, AKT2, AKT3	PI3K/MTOR signaling
LJI308	2107	SANGER	LJI308		RSK2, RSK1, RSK3	PI3K/MTOR signaling
AZ6102	2109	SANGER	AZ6102		TNKS1, TNKS2	WNT signaling
GSK591	2110	SANGER	GSK591	EPZ015866, GSK3203591	PMRT5	Chromatin histone methylation
VE821	2111	SANGER	VE821	VE 821, VE-821	ATR	Genome integrity
VTPA	2112	SANGER	VTP-A			Unclassified
VTPB	2113	SANGER	VTP-B			Unclassified
PBD288	2145	SANGER	PBD-288			Unclassified
POMHEX	2148	SANGER	POMHEX			Unclassified
CT70332	2149	SANGER	CT7033-2		KDM4A, KDM4C, KDM4E, KDM3A, KDM6B	Chromatin histone methylation
GSKLSD12HCL	2154	SANGER	GSK-LSD1-2HCl 		LSD1	Chromatin histone methylation
5AZACYTIDINE	2156	SANGER	5-azacytidine		DNA methyltransferases	Other
A366	2157	SANGER	A-366		EHMT1, EHMT2	Chromatin histone methylation
CPI637	2158	SANGER	CPI-637		EP300	Chromatin histone methylation
UNC0379	2159	SANGER	UNC0379		SETD8	Chromatin histone methylation
AZD6482	2169	SANGER	AZD6482	AZD 6482, AZD-6482, AK-55409	PI3Kbeta	PI3K/MTOR signaling
AT13148	2170	SANGER	AT13148		AKT1	PI3K/MTOR signaling
BMS754807	2171	SANGER	BMS-754807	BMS-754807	IGF1R, IR	IGF1R signaling
JQ1	2172	SANGER	JQ1	JQ-1, (+)-JQ-1	BRD2, BRD3, BRD4, BRDT	Chromatin other
PFI1	2173	SANGER	PFI-1		BRD4	Chromatin other
IOX2	2174	SANGER	IOX2	IOX-2, IOX 2, AK176060	EGLN1	Other
CHIR99021	2175	SANGER	CHIR-99021	CT 99021, CHIR99021, CHIR 99021	GSK3A, GSK3B	WNT signaling
SGC0946	2177	SANGER	SGC0946		DOT1L	Chromatin histone methylation
GSK2830371	2359	SANGER	GSK2830371	None	WIP1	Other
THR101	2360	SANGER	THR-101	WIMM synthesis	Mutant RAS	PI3K/MTOR signaling
THR102	2361	SANGER	THR-102	WIMM synthesis	Mutant RAS	PI3K/MTOR signaling
THR103	2362	SANGER	THR-103	WIMM synthesis	Mutant RAS	PI3K/MTOR signaling
ASCORBATE	2438	SANGER	ascorbate (vitamin C)	back-up solution from YWKim	anti-oxidant proteins	Other
GLUTATHIONE	2439	SANGER	glutathione	G6013, sigma	anti-oxidant proteins	Other
ALPHALIPOICACID	2498	SANGER	alpha-lipoic acid	aLA	Metabolism	Metabolism
NACETYLCYSTEINE	2499	SANGER	N-acetyl cysteine	NAC	Metabolism	Metabolism
